10	that
12	this
13	with
21	from
24	your
26	have
28	more
32	will
36	about
38	page
46	other
50	time
51	they
56	what
57	which
58	their
63	there
65	only
68	when
70	here
74	also
76	help
79	view
83	first
85	been
86	would
88	were
92	some
93	these
94	click
96	like
99	than
100	find
102	date
105	people
107	list
109	just
110	over
112	year
114	into
117	health
119	world
121	next
122	used
125	work
126	last
127	most
129	music
132	make
133	them
134	should
137	post
144	such
145	please
150	after
151	best
153	then
155	good
157	well
159	where
160	info
164	high
166	through
168	each
171	review
172	years
174	very
177	items
178	company
180	read
181	group
184	many
185	user
186	said
188	does
190	under
194	january
195	mail
198	reviews
201	know
202	games
204	days
207	part
208	could
209	great
214	item
216	center
217	ebay
218	must
219	store
220	travel
222	made
226	member
228	line
229	terms
230	before
233	send
235	type
236	because
238	those
239	using
246	take
247	posted
251	within
254	want
260	between
261	forum
264	long
268	show
270	even
271	black
272	check
277	being
278	women
279	much
283	open
284	today
287	case
289	same
290	pages
293	section
296	sports
300	both
303	american
305	game
306	members
308	while
311	down
314	three
315	total
322	without
325	think
329	posts
334	water
337	size
340	since
348	white
350	small
352	rate
354	children
355	during
362	times
370	love
372	john
373	main
375	hours
378	title
384	another
386	shall
390	still
393	every
394	listing
398	little
399	visit
401	tools
405	december
407	movies
412	york
418	food
424	learn
425	sale
426	around
430	canada
432	teen
439	join
445	sales
446	look
447	english
458	week
460	note
461	live
462	large
466	however
467	june
468	october
469	november
472	really
474	start
481	human
486	second
490	movie
491	forums
494	september
495	better
498	july
499	yahoo
500	going
502	test
503	friend
504	come
508	study
510	cart
515	again
516	play
517	looking
519	april
520	never
521	users
524	topic
527	things
528	working
529	against
532	person
534	mobile
535	less
537	blog
549	park
550	stores
551	side
555	give
560	august
564	sell
567	rates
572	america
584	girls
588	latest
589	something
591	gift
594	night
596	hard
597	texas
600	four
607	seller
609	february
610	always
612	audio
613	light
614	write
618	blue
619	groups
621	easy
622	given
629	china
630	making
634	might
637	month
639	star
642	space
648	london
649	washington
655	child
656	keep
657	enter
658	california
659	porn
664	million
665	added
667	companies
668	listed
669	baby
670	learning
676	term
685	welcome
694	until
696	color
697	self
699	away
702	australia
705	once
706	others
710	least
712	months
715	friends
716	sure
719	edition
723	tell
724	further
727	able
728	having
730	david
732	already
733	green
734	studies
735	close
737	drive
739	several
740	gold
742	living
746	short
747	arts
756	daily
758	past
759	natural
760	whether
764	five
765	upon
769	says
771	weather
773	land
775	done
778	france
784	microsoft
792	style
794	front
797	parts
799	ever
801	early
802	miles
803	sound
807	either
810	word
811	works
815	written
816	talk
818	hosting
821	adult
823	thing
824	centre
828	nude
829	kids
832	minutes
833	else
835	third
836	rock
837	gifts
838	europe
839	reading
840	topics
843	tips
844	plus
845	auto
851	percent
855	unit
856	getting
858	tech
859	meet
866	often
867	subscribe
869	germany
873	feel
874	though
877	thanks
878	everything
881	words
882	linux
884	production
886	james
892	choose
894	newsletter
902	girl
905	toys
906	registered
913	makes
917	wide
918	beauty
920	india
922	taken
923	sort
924	listings
926	michael
927	known
928	half
929	cases
930	step
932	florida
933	simple
934	quick
935	none
938	paul
939	friday
941	whole
944	later
945	basic
946	sony
947	shows
949	google
958	figure
963	enough
965	along
966	among
968	writing
970	html
976	higher
983	yellow
987	kingdom
992	stuff
993	french
996	japan
997	doing
1000	entry
1001	stay
1005	africa
1007	turn
1010	notes
1013	monday
1014	european
1017	although
1019	pics
1032	seen
1036	album
1038	stop
1040	started
1044	views
1046	double
1048	build
1051	types
1052	soon
1053	sponsored
1054	lines
1057	across
1062	someone
1063	held
1065	anything
1072	asked
1075	sunday
1081	menu
1084	anyone
1087	silver
1089	wish
1094	rather
1095	weeks
1097	came
1099	nothing
1103	running
1104	lower
1107	jewelry
1110	clothing
1116	robert
1118	hour
1122	bush
1127	rental
1129	leave
1130	british
1131	teens
1133	huge
1135	woman
1140	sellers
1141	middle
1145	taking
1146	values
1148	coming
1149	tuesday
1151	lesbian
1154	logo
1157	nice
1167	sent
1168	shown
1169	saturday
1170	christmas
1171	england
1173	band
1177	george
1179	went
1180	starting
1183	thursday
1195	mode
1198	wednesday
1201	summer
1202	allow
1209	super
1210	male
1213	virginia
1214	almost
1215	took
1217	multiple
1218	asian
1225	song
1226	cnet
1231	late
1233	featured
1236	female
1239	communications
1242	thomas
1247	tool
1249	spring
1261	comes
1263	everyone
1268	brown
1271	hill
1275	hold
1277	chicago
1282	smith
1285	thank
1289	prior
1291	sport
1294	animal
1296	mexico
1301	navigation
1303	therefore
1308	christian
1309	round
1310	paypal
1311	favorite
1319	rentals
1321	built
1325	worldwide
1329	hall
1330	larger
1331	anti
1333	earth
1334	parents
1335	nokia
1342	carolina
1354	paid
1355	italy
1356	perfect
1364	william
1366	anal
1367	award
1369	tree
1370	peter
1373	thus
1378	extra
1381	pussy
1384	rated
1391	quite
1394	amazon
1397	beautiful
1401	horse
1403	forward
1404	flowers
1405	stars
1407	lists
1411	animals
1415	ways
1422	takes
1425	bring
1429	trying
1430	mother
1433	told
1436	programme
1437	joined
1446	ireland
1447	sexy
1448	teaching
1450	grand
1451	testing
1454	units
1455	instead
1456	canadian
1457	cool
1459	wrote
1465	leading
1466	metal
1470	chinese
1473	asia
1476	uses
1480	greater
1489	java
1490	guest
1493	pass
1499	multi
1500	photography
1505	century
1510	graphics
1511	indian
1512	prev
1514	mary
1519	dating
1520	pacific
1525	mailing
1527	longer
1532	panel
1534	german
1535	buying
1540	iraq
1541	boys
1542	outdoor
1543	deep
1544	morning
1546	allows
1547	rest
1554	pool
1555	mini
1563	fish
1567	string
1568	sense
1570	pack
1574	goods
1576	born
1577	unless
1578	richard
1580	japanese
1585	except
1590	maybe
1597	pretty
1599	phentermine
1600	spain
1602	yourself
1604	winter
1605	rape
1607	youth
1610	boston
1611	incest
1613	keywords
1614	medium
1616	interested
1617	core
1618	break
1620	throughout
1622	dance
1623	wood
1625	itself
1628	playing
1629	awards
1632	reader
1643	apple
1645	regarding
1650	enjoy
1653	surface
1659	isbn
1660	martin
1671	songs
1673	wrong
1674	beginning
1680	desktop
1682	paris
1683	ohio
1684	gets
1691	fully
1692	father
1700	dead
1705	mike
1708	worth
1718	fucking
1719	georgia
1724	showing
1731	lord
1734	agree
1736	hear
1737	sometimes
1740	beyond
1741	goes
1744	museum
1745	themselves
1748	interesting
1749	blogs
1750	wife
1756	hits
1764	presented
1765	jack
1766	flat
1771	parent
1772	spanish
1773	michigan
1774	columbia
1777	scale
1778	stand
1780	highest
1781	helpful
1788	angeles
1791	australian
1794	gives
1796	bottom
1800	francisco
1804	heard
1805	begin
1806	individuals
1807	colorado
1808	royal
1811	russian
1812	largest
1813	african
1815	titles
1820	bible
1825	weekly
1831	suite
1832	vegas
1834	square
1835	chris
1839	diet
1846	allowed
1848	charles
1850	selling
1851	lots
1852	piece
1853	sheet
1855	seven
1857	illinois
1867	pricing
1868	dvds
1872	looks
1873	fashion
1876	documentation
1878	trading
1881	whose
1883	couple
1884	giving
1887	ball
1888	ending
1890	actions
1891	listen
1895	naked
1898	sold
1899	wind
1905	lowest
1906	highly
1915	milf
1922	stone
1925	ringtones
1926	perhaps
1927	persons
1932	tests
1939	xbox
1946	buyer
1948	steve
1951	ford
1952	poster
1953	edge
1961	pink
1962	zealand
1972	thinking
1973	scott
1977	canon
1978	hardcore
1981	minute
1989	sections
1991	fishing
1996	fantasy
2011	count
2012	breast
2016	johnson
2018	quickly
2019	dollars
2023	driving
2027	heat
2031	kansas
2037	brought
2038	himself
2042	exercise
2044	santa
2049	israel
2052	soft
2053	servers
2056	seconds
2057	jones
2058	arizona
2059	keyword
2065	walk
2066	fuck
2068	italian
2069	paperback
2070	classifieds
2071	wait
2073	pocket
2082	joint
2085	fresh
2091	growing
2092	thousands
2096	pick
2101	entries
2102	dates
2104	signed
2105	upper
2108	prime
2109	samsung
2111	began
2112	louis
2113	steps
2125	worked
2129	sorted
2132	myself
2139	admin
2145	heavy
2149	guys
2152	cock
2158	drop
2164	orange
2168	theme
2175	guitar
2177	pennsylvania
2179	ipod
2180	saying
2184	porno
2186	motorola
2192	touch
2194	towards
2202	serve
2206	mount
2207	smart
2208	talking
2209	gave
2210	ones
2211	latin
2212	multimedia
2214	tits
2219	rank
2221	oregon
2229	quarter
2238	kong
2243	developer
2247	died
2250	sitemap
2253	houston
2254	reach
2257	viewed
2258	moment
2261	inch
2263	sorry
2264	centers
2265	opening
2268	reserve
2271	gamma
2272	plastic
2274	snow
2282	dollar
2284	ontario
2287	minnesota
2290	native
2291	fill
2292	williams
2296	owned
2300	played
2303	jesus
2304	readers
2308	jackson
2316	posters
2324	parking
2326	yesterday
2331	russia
2332	gone
2336	seattle
2338	golden
2341	fort
2344	lighting
2347	funny
2348	brother
2350	turned
2351	portable
2352	tried
2355	disc
2359	hentai
2362	theatre
2364	earlier
2367	classical
2368	icon
2371	indiana
2373	harry
2376	ends
2378	evening
2381	taxes
2382	mouse
2385	issued
2388	wisconsin
2390	dream
2395	flower
2396	felt
2398	passed
2404	aids
2408	stats
2409	hawaii
2410	professionals
2412	carry
2413	flag
2420	hello
2425	newsletters
2426	adults
2427	clips
2430	graphic
2437	ended
2438	winning
2439	eight
2442	straight
2444	served
2445	wants
2446	miscellaneous
2448	void
2452	atlanta
2453	dakota
2458	disk
2462	credits
2466	sweet
2469	pubmed
2470	dave
2471	massachusetts
2472	diego
2473	hong
2479	enlarge
2488	looked
2491	gain
2500	iowa
2501	whatever
2509	maryland
2516	forgot
2519	knew
2520	gaming
2522	billion
2524	scotland
2527	dallas
2528	bought
2534	specifications
2536	tripadvisor
2538	alaska
2539	zoom
2543	anime
2544	speak
2549	clip
2563	sounds
2568	spam
2572	cent
2578	null
2579	zero
2581	filed
2583	netherlands
2587	recreation
2595	roll
2596	korea
2601	bath
2603	kelly
2606	austin
2607	favorites
2608	toronto
2610	springs
2611	missouri
2612	andrew
2615	healthy
2618	font
2622	joseph
2626	figures
2631	philadelphia
2633	waiting
2635	beta
2637	gratis
2640	brian
2641	toward
2647	lingerie
2648	shemale
2651	parameters
2652	jazz
2653	serving
2656	miami
2657	comics
2661	postal
2663	tennessee
2664	wear
2666	breaking
2668	ultimate
2669	wales
2674	finish
2677	noted
2683	spent
2687	davis
2688	daniel
2690	reviewed
2695	helps
2696	singles
2702	dual
2703	rise
2705	sleep
2707	bird
2709	brazil
2710	creation
2711	static
2715	lady
2717	famous
2721	fans
2722	oklahoma
2724	drink
2727	gender
2731	dell
2740	seat
2742	colour
2744	originally
2745	intel
2746	utilities
2755	nutrition
2759	toll
2761	cape
2767	wonderful
2768	mine
2769	ladies
2770	henry
2774	agreed
2776	whom
2779	math
2781	posting
2783	instant
2787	viewing
2793	christ
2795	dogs
2798	aspects
2799	austria
2801	moon
2805	preview
2811	devel
2813	despite
2816	turkey
2818	proper
2821	singapore
2826	inches
2827	phoenix
2832	daughter
2833	standing
2834	voyeur
2836	colors
2838	cisco
2840	kept
2841	alpha
2848	bookmark
2850	specials
2851	beat
2852	disney
2859	drives
2861	alabama
2864	trees
2868	dress
2873	utah
2876	carried
2877	happen
2879	panasonic
2881	permalink
2885	miller
2887	outdoors
2888	clothes
2890	luxury
2891	babes
2893	viagra
2895	indeed
2896	newspaper
2903	easier
2909	faqs
2910	nine
2911	adding
2912	kentucky
2914	eric
2915	spot
2916	taylor
2917	trackback
2919	spend
2921	interior
2923	grow
2924	americans
2925	optical
2933	suites
2938	victoria
2947	rain
2948	onto
2950	planet
2951	webmaster
2956	seeing
2959	diff
2961	bass
2965	instance
2966	hole
2967	pets
2968	ride
2969	licensed
2970	orlando
2974	maine
2978	pair
2980	specs
2981	recorded
2983	pieces
2984	finished
2985	parks
2988	sydney
2990	cream
2992	runs
2994	yeah
2996	sexo
3000	louisiana
3001	hills
3002	javascript
3003	fourth
3011	wilson
3012	shape
3014	irish
3023	greatest
3026	euro
3029	generic
3036	mixed
3038	interracial
3039	peak
3045	dick
3047	salt
3048	compact
3050	lights
3053	bell
3054	keeping
3061	noise
3063	forget
3067	stephen
3068	elizabeth
3072	playstation
3073	alcohol
3074	greek
3078	sister
3081	walking
3083	smaller
3084	newest
3087	happened
3089	jeff
3090	extent
3092	lesbians
3096	kill
3101	export
3105	sweden
3112	knows
3113	mississippi
3119	connecticut
3121	personals
3123	holding
3127	kevin
3133	jordan
3134	collections
3135	ages
3137	plug
3139	cook
3141	virgin
3150	sporting
3151	helping
3152	perl
3155	bike
3162	proceedings
3163	favourite
3165	anderson
3169	lose
3173	albums
3175	extremely
3176	verzeichnis
3178	guests
3179	hosted
3182	developers
3185	tony
3187	nevada
3188	kits
3189	thailand
3192	anyway
3201	circle
3204	anywhere
3207	atlantic
3210	edward
3212	identification
3214	leaving
3217	matt
3219	cooking
3220	speaking
3223	unlimited
3225	sizes
3227	exit
3228	entered
3229	iran
3234	checking
3235	costa
3236	belgium
3237	printable
3238	holy
3239	acts
3241	mesh
3244	symbol
3247	buddy
3248	hardcover
3250	dean
3257	styles
3258	denver
3259	unix
3260	filled
3263	ericsson
3266	blues
3269	portion
3271	hampshire
3281	killed
3286	starts
3289	arkansas
3293	learned
3294	transactions
3296	explorer
3299	opened
3301	husband
3306	britain
3307	concert
3313	comedy
3316	weblog
3319	specialty
3321	jean
3328	jewish
3329	meter
3331	portland
3340	hell
3341	lessons
3343	begins
3346	lens
3351	mysql
3359	warm
3360	neither
3361	lewis
3362	howard
3364	leaves
3372	converter
3373	suck
3374	organisation
3375	babe
3376	checks
3377	reached
3379	blowjob
3383	sugar
3387	stick
3389	allen
3394	slide
3395	montana
3397	tested
3398	rear
3401	switzerland
3407	node
3414	micro
3417	mile
3418	showed
3421	mens
3424	supreme
3425	brothers
3431	dolls
3443	manchester
3445	paint
3452	czech
3453	resulting
3454	cambridge
3461	ultra
3463	idaho
3469	dish
3470	plays
3476	oxford
3477	adam
3479	epinions
3480	painting
3484	universe
3492	eating
3496	lodge
3503	sterling
3506	boobs
3508	buyers
3510	gray
3513	jennifer
3514	antonio
3517	taiwan
3519	chosen
3520	demo
3521	greece
3523	swiss
3524	sarah
3525	clark
3526	labour
3530	nights
3532	caribbean
3535	nebraska
3536	loop
3539	foods
3542	properly
3543	orleans
3547	empire
3549	twenty
3550	newly
3554	gary
3559	hundreds
3560	rome
3561	arab
3562	lincoln
3563	helped
3565	tomorrow
3567	milk
3571	visiting
3578	bands
3583	millions
3585	dildo
3587	push
3589	guinea
3592	featuring
3595	clicking
3596	scheduled
3600	yours
3602	misc
3605	chicken
3607	attend
3609	alan
3610	sending
3611	jason
3612	tonight
3613	dear
3615	holdem
3616	shell
3618	catholic
3622	vancouver
3634	jose
3635	catch
3636	jane
3637	pakistan
3641	northwest
3646	unable
3655	const
3660	biggest
3663	twin
3664	forth
3665	insert
3666	baltimore
3669	dont
3673	charlotte
3678	happens
3683	bruce
3685	themes
3687	heaven
3689	bits
3691	twice
3694	egypt
3696	hollywood
3698	wikipedia
3700	norway
3701	vermont
3702	asking
3709	suit
3716	photographs
3717	cutting
3719	simon
3723	loved
3724	favourites
3726	numerous
3728	birds
3731	char
3732	indexed
3733	pittsburgh
3737	paying
3738	cartoon
3739	shots
3741	moore
3745	spending
3749	listening
3755	denmark
3759	header
3763	piano
3764	echo
3766	grid
3767	sheets
3768	patrick
3770	puerto
3775	allowing
3777	voip
3783	delaware
3791	barbara
3800	dreams
3804	licensing
3805	stands
3806	teach
3810	pull
3811	hairy
3813	cleveland
3815	reverse
3819	latina
3820	nasa
3822	sexcam
3825	dutch
3832	holds
3837	poland
3839	womens
3847	milfhunter
3851	subscriptions
3854	detroit
3855	alexander
3858	metro
3859	toshiba
3861	improvements
3862	strip
3863	specification
3866	nick
3873	airline
3876	regard
3882	uniprotkb
3883	beastiality
3886	birmingham
3890	afternoon
3893	sitting
3899	penis
3902	vietnam
3904	anne
3908	malaysia
3909	unsubscribe
3915	upskirt
3916	acting
3918	stored
3920	logos
3923	milfs
3926	hundred
3927	ryan
3931	philippines
3934	breasts
3939	grey
3940	parallel
3941	honda
3952	lesson
3958	drinking
3959	blowjobs
3966	stainless
3967	newspapers
3970	deluxe
3972	aged
3975	lived
3979	indonesia
3980	pursuant
3984	visits
3986	tight
3989	pmid
3995	berlin
3996	cute
3999	para
4000	siemens
4007	pounds
4009	organisations
4013	seed
4014	programmes
4020	jewellery
4021	meets
4024	caught
4027	driven
4029	medline
4034	marshall
4035	massage
4038	closing
4039	tampa
4040	thousand
4041	meat
4042	legend
4043	grace
4044	susan
4047	adams
4048	python
4050	alex
4055	disorders
4058	hamilton
4070	holder
4072	moderator
4076	portugal
4077	lawrence
4078	roman
4082	tone
4083	collectables
4085	forever
4086	dragon
4089	fantastic
4091	brings
4096	wing
4104	dealing
4109	airlines
4111	livecam
4115	sides
4116	tube
4117	turns
4118	corresponding
4121	belt
4127	matthew
4129	productions
4131	hobbies
4140	giant
4145	seats
4150	anthony
4151	nintendo
4152	usual
4156	franklin
4163	melbourne
4164	ongoing
4165	worst
4166	imaging
4170	wyoming
4172	argentina
4180	exciting
4182	thongs
4184	unfortunately
4188	ringtone
4189	finland
4190	morgan
4195	oriented
4197	desktops
4199	columbus
4207	postage
4211	dial
4213	cheese
4214	comic
4219	crown
4221	underground
4223	maker
4226	picks
4231	cumshot
4232	fetish
4237	apache
4242	cake
4244	apart
4245	fellow
4250	semi
4252	andy
4255	cafe
4256	valentine
4257	hilton
4259	proteins
4265	douglas
4266	debian
4267	till
4271	christopher
4273	epson
4276	carrying
4278	sand
4279	madison
4282	editions
4289	finds
4292	fifth
4295	vertical
4305	disabilities
4306	consists
4307	anytime
4322	classics
4326	horses
4330	wayne
4332	taught
4339	substances
4342	wings
4343	breaks
4347	waters
4349	thin
4355	harris
4357	bringing
4358	sick
4361	tiffany
4366	toyota
4368	nationwide
4371	shaved
4372	turning
4374	purple
4377	larry
4378	limousines
4383	lets
4394	everyday
4402	checked
4404	throw
4406	sierra
4408	cats
4410	postposted
4413	rhode
4415	busty
4416	coordinator
4419	steven
4421	greg
4423	worse
4427	spaces
4429	burning
4432	somewhat
4437	cialis
4441	scottish
4444	richmond
4445	sacramento
4448	russell
4449	tells
4458	talks
4459	filing
4461	modeling
4462	passing
4463	awarded
4464	testimonials
4468	memorabilia
4469	clinton
4473	alberta
4475	folk
4477	commons
4478	cincinnati
4479	subsection
4485	okay
4486	pottery
4488	roger
4489	aspect
4491	awesome
4492	mexican
4494	counts
4495	priced
4497	hist
4500	desired
4501	inter
4502	closer
4506	riding
4508	firefox
4509	lisa
4515	korean
4518	mall
4519	entering
4521	spray
4526	placement
4528	vbulletin
4530	thompson
4536	dublin
4537	rolling
4540	yard
4544	nelson
4550	cocks
4554	sean
4560	cartoons
4561	pour
4564	lodging
4565	tion
4566	dust
4567	hence
4568	wiki
4577	stopped
4580	butt
4583	citysearch
4590	kent
4591	adds
4594	flags
4601	guestbook
4606	ebony
4610	arthur
4612	visited
4614	walker
4618	kiss
4619	beast
4629	pizza
4631	yards
4633	chemicals
4634	gordon
4641	ukraine
4644	cluster
4646	mpeg
4647	whereas
4648	yoga
4649	serves
4650	woods
4653	rico
4655	shoppers
4656	phil
4657	everybody
4658	couples
4659	nashville
4660	ranking
4663	http
4665	simpson
4666	twiki
4667	sublime
4672	glad
4673	wins
4676	globe
4679	milwaukee
4680	rack
4683	shareware
4686	dicke
4687	kerry
4691	nobody
4698	southwest
4704	knowing
4707	keith
4709	cloudy
4710	linda
4711	ross
4713	chile
4714	anna
4715	plenty
4716	solo
4720	maria
4724	tall
4726	somewhere
4728	dancing
4732	writes
4734	pdas
4737	quest
4742	thumbnail
4743	trans
4744	jonathan
4745	whenever
4746	nova
4747	lifetime
4751	forgotten
4759	behaviour
4761	telling
4762	fairly
4764	config
4768	edinburgh
4771	modes
4773	campbell
4774	wake
4777	hungary
4782	regardless
4786	rising
4787	aluminum
4788	wells
4789	wishlist
4790	opens
4793	shit
4800	thick
4804	philips
4807	drum
4811	iraqi
4812	builder
4813	vista
4814	jessica
4816	terry
4818	foto
4821	amsterdam
4822	orgy
4826	stewart
4828	tabs
4834	grown
4835	polish
4836	lovely
4837	extras
4839	centres
4840	jerry
4842	smile
4843	lands
4846	indoor
4847	bulgaria
4851	regularly
4854	cooling
4855	tend
4856	gulf
4858	rick
4863	laura
4864	shopper
4865	tokyo
4867	nikon
4868	customize
4870	candy
4873	donald
4874	folks
4877	telecom
4883	thai
4884	emissions
4887	fred
4891	balls
4892	afghanistan
4895	spanking
4898	mill
4902	icons
4903	tranny
4909	keeps
4910	pound
4912	camcorder
4915	burn
4918	labs
4919	ourselves
4920	bread
4921	tobacco
4922	wooden
4925	roberts
4927	gonna
4928	dynamics
4934	cumshots
4937	billy
4938	revenues
4941	bukkake
4945	craig
4946	herself
4951	reserves
4954	shorts
4955	reproduction
4963	johnny
4970	nancy
4972	tones
4976	sight
4977	laid
4979	defence
4986	trembl
4988	blvd
4989	reception
4993	cyprus
4996	correctly
5000	makers
5005	worry
5009	carter
5011	marc
5020	implications
5022	paradise
5023	hybrid
5024	reads
5026	intermediate
5028	sons
5029	leaf
5031	glory
5034	bigger
5035	billing
5037	versus
5039	overnight
5040	geographic
5044	saudi
5046	cuba
5053	kate
5054	chevrolet
5055	babies
5057	karen
5059	romantic
5063	albert
5065	jimmy
5066	graham
5068	bristol
5069	margaret
5070	compaq
5074	slowly
5079	showtimes
5081	portions
5085	samuel
5087	grounds
5088	fits
5090	regards
5091	meal
5096	unlike
5102	wright
5104	barry
5108	cached
5109	warren
5111	studied
5112	reviewer
5114	quarterly
5116	profits
5117	devil
5118	grass
5120	marie
5124	continental
5126	deutsch
5129	kenya
5131	cuts
5133	nutten
5135	enjoyed
5139	charlie
5140	quebec
5144	dennis
5145	mars
5146	francis
5148	sized
5149	manga
5157	caps
5162	swing
5163	symbols
5165	meta
5166	humans
5169	choosing
5170	talent
5171	dated
5173	seeker
5178	packard
5179	offset
5180	payday
5181	philip
5182	elite
5184	spin
5185	holders
5187	swedish
5194	collins
5195	equipped
5199	winds
5200	powder
5201	broadway
5204	wash
5206	stones
5208	gnome
5211	losing
5213	gadgets
5215	glasgow
5222	loves
5225	knight
5236	islamic
5238	southeast
5239	ieee
5242	pending
5243	parker
5245	lebanon
5246	corp
5247	personalized
5248	kennedy
5251	conditioning
5252	teenage
5253	soap
5255	triple
5256	cooper
5258	vincent
5263	partnerships
5270	toolbar
5271	basically
5272	rocks
5276	wearing
5280	mounted
5283	median
5286	herein
5289	horny
5299	camcorders
5302	basics
5303	montreal
5306	struct
5307	lenses
5310	attended
5312	punk
5316	dropped
5318	duke
5319	walter
5322	besides
5329	interfaces
5331	moments
5333	strings
5337	feels
5339	carl
5342	mitchell
5344	rica
5348	ralph
5353	warner
5354	confirmation
5357	inkjet
5359	wizard
5360	corps
5366	morris
5369	eminem
5372	picked
5375	minneapolis
5377	killing
5378	bikini
5379	memphis
5380	shoulder
5382	lookup
5384	harvard
5389	ottawa
5390	doll
5395	peru
5398	bidder
5400	evans
5401	herald
5404	aging
5405	nike
5407	pissing
5414	alice
5415	latinas
5417	customized
5418	reed
5423	thirty
5424	mice
5427	rapidly
5428	dealtime
5430	temp
5432	mercedes
5435	fisting
5437	happening
5439	mills
5442	tramadol
5443	holland
5445	jeans
5449	fonts
5452	wrap
5459	sigma
5462	xhtml
5465	jefferson
5468	sleeping
5478	moreover
5480	polyphonic
5482	tops
5484	aside
5486	licence
5489	michelle
5497	alphabetical
5501	aaron
5502	handheld
5505	shut
5507	packs
5511	romania
5513	ncaa
5514	thou
5517	greatly
5520	cycling
5521	midnight
5527	turkish
5528	coal
5530	messaging
5531	pentium
5533	murray
5534	intent
5543	spoke
5554	holes
5560	meals
5562	goto
5563	meters
5568	passes
5570	pointer
5572	stretch
5573	durham
5574	furthermore
5577	muslim
5579	neil
5581	netscape
5588	rankings
5592	robin
5593	robinson
5594	jacksonville
5597	sharon
5601	surf
5602	olympic
5614	roulette
5617	israeli
5618	medicare
5619	cord
5623	subscriber
5626	hewlett
5629	flickr
5632	jamaica
5636	timing
5637	liked
5641	fotos
5643	britney
5644	freeware
5645	fucked
5647	outer
5653	manhattan
5654	tales
5655	katrina
5657	islam
5658	nodes
5662	seeds
5664	lite
5667	targeted
5669	skype
5671	twelve
5674	gamecube
5677	portuguese
5679	titten
5681	everywhere
5687	drinks
5691	halloween
5693	stood
5694	sing
5695	tons
5697	carol
5699	albany
5704	somebody
5707	housewares
5714	curve
5715	creator
5716	amber
5717	qualifications
5718	museums
5720	slideshow
5723	passage
5728	damn
5729	pierre
5730	jelsoft
5732	photograph
5733	oakland
5734	colombia
5739	underlying
5743	archived
5744	photoshop
5748	arabia
5750	projection
5756	fame
5760	panama
5761	indianapolis
5763	payable
5770	statutory
5772	athens
5773	northeast
5783	paintings
5784	walked
5786	nissan
5789	eggs
5792	yorkshire
5793	populations
5806	norton
5813	ruby
5824	planner
5825	croatia
5828	venezuela
5830	mins
5831	fewer
5838	gangbang
5840	lanka
5842	edwards
5850	tagged
5851	berkeley
5853	killer
5854	bikes
5858	tune
5860	pulled
5863	shaped
5869	puts
5871	grew
5872	perfectly
5877	norfolk
5878	coaching
5881	encoding
5886	painted
5887	lycos
5889	zdnet
5894	resulted
5897	informational
5902	floral
5903	builders
5904	ties
5909	fisher
5913	dildos
5916	joining
5923	connector
5924	brad
5925	combo
5926	seniors
5927	worlds
5932	haven
5936	tail
5937	subscribers
5941	mitsubishi
5944	soup
5949	inclusive
5956	mozilla
5958	toner
5962	anymore
5963	oclc
5964	delhi
5965	holdings
5969	processors
5970	pantyhose
5972	broke
5973	nepal
5974	zimbabwe
5976	juan
5982	barcelona
5983	presidential
5987	melissa
5988	moscow
5990	thru
5991	jews
5993	palestinian
5994	discs
5995	rocky
5999	nigeria
6003	hispanic
6009	anybody
6012	espn
6014	untitled
6015	bunch
6016	totals
6017	marriott
6018	singing
6021	exercises
6022	starring
6023	referral
6034	hopefully
6035	brilliant
6036	turner
6037	sucking
6038	cents
6039	reuters
6043	todd
6044	spoken
6045	omega
6047	stayed
6052	doug
6053	sees
6056	saver
6057	thereof
6062	rogers
6067	wanna
6068	wishes
6070	montgomery
6072	louisville
6075	macintosh
6078	monica
6083	cole
6084	mart
6087	colored
6089	tale
6091	lynn
6095	situated
6100	loving
6103	docs
6104	stanley
6108	vitamins
6110	gains
6115	deemed
6118	panties
6119	brooklyn
6120	liverpool
6121	sisters
6124	spots
6126	algorithms
6128	madrid
6137	norman
6144	madonna
6146	arch
6148	murphy
6149	thinks
6150	thats
6152	hdtv
6154	phillips
6155	asin
6157	justin
6168	expansys
6169	panels
6176	kodak
6180	danish
6182	monkey
6184	filename
6185	skirt
6186	florence
6191	drawings
6196	lovers
6198	approx
6200	arabic
6202	essentials
6208	rachel
6218	kingston
6219	sixth
6223	switching
6232	expenditures
6233	sandy
6238	macro
6239	sender
6243	syndication
6248	filtering
6253	signup
6255	luxembourg
6257	reaching
6260	cams
6262	piss
6264	joel
6269	autos
6272	perry
6277	benjamin
6279	teeth
6281	studying
6284	lotus
6286	olympus
6288	proc
6293	salem
6298	likes
6299	butter
6312	luke
6318	kenneth
6319	comp
6323	harrison
6325	julie
6328	attending
6330	pete
6331	spec
6332	finest
6334	janet
6336	penn
6340	phpbb
6342	traveling
6344	midi
6345	permissions
6348	ranked
6351	packed
6354	helen
6355	mounting
6357	tied
6358	lopez
6361	catherine
6363	talked
6364	upskirts
6367	chuck
6370	dale
6374	ebook
6376	boob
6378	peeing
6382	newton
6383	oils
6384	sept
6387	bingo
6388	whilst
6391	unto
6397	annually
6401	xanax
6403	pays
6406	sunny
6407	ebooks
6410	queensland
6413	leeds
6418	lang
6421	raleigh
6426	threaded
6429	fingering
6430	blair
6436	burns
6438	slut
6439	ejaculation
6443	beijing
6444	peoples
6445	victor
6446	mario
6450	utils
6453	brunswick
6455	phys
6457	pairs
6461	hudson
6463	calgary
6469	chose
6480	newport
6485	indians
6489	prague
6490	previews
6491	bangladesh
6497	mothers
6498	nascar
6499	iceland
6505	mega
6509	moms
6512	morocco
6514	tommy
6515	springfield
6521	oliver
6522	congo
6523	glen
6524	botswana
6532	verizon
6535	newcastle
6537	dicks
6539	lambda
6551	brazilian
6556	norwegian
6557	lover
6559	honolulu
6560	beatles
6561	lips
6566	rolls
6567	thomson
6568	barnes
6571	malta
6572	daddy
6575	rabbit
6577	seating
6585	exports
6586	omaha
6591	dominican
6592	chad
6596	heather
6603	solaris
6606	josh
6608	scales
6611	sunshine
6622	yamaha
6624	medications
6625	hebrew
6626	gained
6627	rochester
6628	dying
6631	solomon
6633	stops
6640	filling
6641	downloadable
6645	scsi
6647	soviet
6653	trainer
6662	thumbnails
6667	nail
6668	bizrate
6669	vienna
6672	stanford
6677	packing
6684	gamespot
6687	wordpress
6695	bahamas
6696	powell
6698	zoophilia
6700	univ
6703	scheduling
6708	hampton
6709	christians
6712	pads
6713	butts
6714	inns
6715	bobby
6717	sheep
6725	harder
6731	travesti
6733	stuart
6735	salvador
6737	salad
6739	monroe
6742	foam
6749	tanzania
6753	vibrator
6754	unsigned
6755	staying
6757	easter
6761	jeremy
6762	venice
6765	vibrators
6766	estonia
6767	christianity
6771	signing
6773	katie
6780	asks
6782	namibia
6784	christina
6791	bean
6795	sells
6796	ecuador
6803	float
6804	colin
6808	bubble
6817	viruses
6825	samoa
6834	lauren
6837	macromedia
6841	ashley
6851	nano
6853	concerts
6855	males
6856	victorian
6858	colours
6862	cambodia
6867	lithuania
6868	mastercard
6875	readings
6876	decorative
6877	kijiji
6891	rats
6894	instances
6896	begun
6901	socks
6905	stat
6910	essex
6911	slovenia
6917	surfaces
6920	cruz
6922	dresses
6925	starsmerchant
6929	bios
6930	females
6931	wallace
6932	nevertheless
6941	myspace
6944	thee
6946	ruth
6948	stylus
6951	drums
6952	contracting
6953	topless
6954	arnold
6957	jeep
6958	chicks
6959	bare
6965	rover
6972	levitra
6978	arlington
6981	floating
6985	bolivia
6988	stevens
6990	kuwait
6992	emily
6995	widescreen
6998	webster
7002	plymouth
7005	apps
7017	meetup
7019	sudan
7030	sluts
7032	ciao
7033	ampland
7035	prep
7038	chem
7041	shopzilla
7050	shakespeare
7053	americas
7054	connectors
7055	twinks
7059	pros
7065	elvis
7067	latvia
7071	cant
7076	offerings
7077	martha
7078	genesis
7083	metals
7085	furnishings
7086	letting
7088	guatemala
7089	celtic
7092	jamie
7095	minerals
7102	bangkok
7105	sara
7108	hughes
7110	bitch
7112	jeffrey
7115	brisbane
7118	oscar
7120	menus
7121	joan
7126	amino
7133	manitoba
7136	watson
7141	saddam
7143	drill
7145	threesome
7146	bryan
7149	handjob
7151	jerusalem
7152	hobby
7153	tries
7154	transexuales
7157	fiji
7159	inline
7161	enquiries
7162	washing
7163	audi
7164	staffing
7168	enquiry
7173	volt
7176	playlist
7177	registrar
7179	supporters
7182	dirt
7185	myers
7186	drops
7188	wider
7189	saskatchewan
7195	screw
7200	geneva
7201	freebsd
7203	acer
7204	prostores
7206	dist
7214	tucson
7217	swingers
7218	fifty
7219	headers
7226	xnxx
7227	counting
7234	princeton
7235	jacob
7237	randy
7242	timothy
7243	childrens
7247	thumbzilla
7252	pichunter
7254	watt
7255	thehun
7258	dayton
7261	cameron
7263	pins
7264	carlos
7265	reno
7266	donna
7267	andreas
7272	bdsm
7276	polo
7277	valium
7281	cordless
7282	patricia
7283	horn
7284	eddie
7285	uganda
7289	prot
7291	adidas
7292	perth
7296	syria
7298	klein
7299	harvey
7307	livesex
7310	gregory
7312	boolean
7318	suits
7326	glenn
7328	auckland
7329	olympics
7331	identifier
7333	worldsex
7337	jpeg
7340	suzuki
7341	trinidad
7343	kissing
7355	slovakia
7360	capitol
7362	dishes
7364	barbados
7365	chrysler
7370	mcdonald
7373	brussels
7382	trinity
7383	charleston
7385	legends
7395	shanghai
7396	speaks
7397	burton
7399	davidson
7401	scotia
7403	gibson
7406	troy
7410	batch
7414	nicole
7415	latino
7416	ghana
7417	edges
7419	mixing
7422	fitted
7423	albuquerque
7427	projected
7430	twins
7431	developmental
7433	zope
7435	triangle
7438	oriental
7440	windsor
7441	zambia
7443	gmbh
7447	webshots
7450	chick
7452	sims
7454	copyrighted
7460	documented
7461	thong
7463	paperbacks
7466	harbour
7467	walks
7468	sucks
7471	sage
7478	honors
7480	indie
7490	sussex
7493	msgid
7494	transexual
7495	mainstream
7502	suse
7505	alfred
7508	carey
7514	danny
7515	rebecca
7519	amongst
7522	msgstr
7526	adipex
7535	bosnia
7536	browsers
7543	lloyd
7545	optics
7555	brighton
7556	beans
7557	bookmarks
7558	ellis
7562	leonard
7564	oops
7565	reminder
7570	riverside
7572	plains
7575	raymond
7579	sullivan
7581	midwest
7588	lancaster
7590	hereby
7592	julia
7595	karl
7601	bermuda
7602	amanda
7604	mobiles
7607	kelkoo
7613	dies
7623	playboy
7625	delicious
7626	traditions
7629	safely
7634	sends
7636	mazda
7637	allied
7638	throws
7640	hungarian
7643	symantec
7644	spencer
7645	wichita
7646	nasdaq
7647	uruguay
7653	tuning
7654	gotten
7656	tyler
7660	highs
7663	wanting
7667	ipaq
7670	henderson
7672	britannica
7673	comm
7674	ellen
7681	racks
7691	beverly
7695	watts
7696	duncan
7697	reprints
7698	hart
7699	bernard
7701	ment
7703	forty
7704	tubes
7707	midlands
7709	floyd
7710	ronald
7717	nicholas
7718	biol
7725	rows
7730	mailed
7732	fujitsu
7741	frederick
7742	medicaid
7743	treo
7745	seventh
7746	gods
7748	welsh
7749	belly
7753	quarters
7756	sublimedirectory
7757	soonest
7758	haiti
7762	poly
7767	naturals
7772	fitting
7776	agrees
7778	quantities
7779	petersburg
7781	powerpoint
7785	sonic
7789	taxi
7794	belarus
7798	providence
7804	guitars
7808	ethiopia
7815	holmes
7823	chester
7827	worn
7829	shaw
7833	expo
7836	specifics
7837	itunes
7844	darwin
7845	ranks
7850	bradley
7853	bali
7854	judy
7862	volkswagen
7865	milton
7872	sandra
7873	adelaide
7876	monaco
7879	emirates
7884	distributions
7886	belize
7887	crap
7889	viewpicture
7891	volvo
7894	bookings
7896	minolta
7901	gras
7907	abstracts
7913	pharmaceuticals
7914	andale
7916	remix
7922	newer
7926	oval
7929	soma
7931	cooler
7933	consisting
7938	ascii
7945	mozambique
7947	href
7948	benz
7950	shapes
7954	earl
7957	diane
7962	andrea
7964	rapids
7965	disco
7966	sheffield
7967	bailey
7969	endif
7970	finishing
7971	emotions
7972	wellington
7975	lexmark
7976	cleaners
7977	bulgarian
7981	guam
7990	eugene
7998	bennett
8000	hotmail
8002	joshua
8003	armenia
8005	grande
8006	closest
8010	conferencing
8012	armstrong
8014	trackbacks
8020	slides
8021	milan
8027	christine
8029	digit
8033	clarke
8037	marilyn
8039	findlaw
8041	pools
8044	claire
8051	carroll
8057	greetings
8061	vocals
8074	finnish
8078	deeper
8079	muslims
8081	mediterranean
8084	howto
8090	carries
8095	devon
8096	screensaver
8097	helena
8099	regarded
8105	marion
8107	egyptian
8108	tunisia
8109	metallica
8110	outlined
8117	gotta
8120	bahrain
8123	consist
8124	betty
8126	academics
8129	shemales
8130	lucas
8131	screensavers
8136	clicks
8138	honduras
8142	harper
8144	mardi
8150	shake
8153	holly
8155	silly
8159	hartford
8160	freely
8161	marcus
8163	wrapping
8166	nicaragua
8167	weblogs
8176	nudist
8178	diana
8181	lindsay
8190	telephony
8191	mesa
8194	realtors
8219	voyeurweb
8220	pamela
8221	andrews
8224	jesse
8226	hull
8227	logitech
8228	surrey
8230	belkin
8239	macedonia
8241	brandon
8243	giants
8246	balloon
8247	moderators
8248	winston
8253	kazakhstan
8254	hawaiian
8255	standings
8258	gratuit
8260	funk
8262	qatar
8265	porsche
8266	cayman
8272	wang
8273	kilometers
8276	thanksgiving
8277	rand
8278	hopkins
8288	congratulations
8290	cohen
8292	usgs
8294	kathy
8302	lows
8304	aqua
8305	chen
8306	emma
8308	finances
8310	enjoying
8314	smell
8317	italiano
8330	hydrocodone
8333	cornell
8334	satin
8338	mailto
8339	promo
8342	chan
8344	tunes
8349	beth
8350	bradford
8355	chelsea
8357	reynolds
8359	jill
8362	reaches
8368	vacancies
8369	quizzes
8373	lucia
8374	savannah
8376	typing
8378	dans
8379	planets
8384	coupled
8385	viii
8386	myanmar
8388	harold
8390	floppy
8391	texture
8395	somerset
8396	incurred
8399	antigua
8400	nottingham
8408	modelling
8411	dept
8414	euros
8426	textile
8428	madagascar
8429	nathan
8430	tobago
8431	presenting
8434	uzbekistan
8439	centuries
8443	richardson
8444	hindu
8455	albania
8462	kills
8465	pushed
8466	webmasters
8470	acdbentity
8473	handhelds
8475	lucy
8477	hans
8486	nails
8488	whats
8489	rides
8492	saturn
8503	zshops
8505	edmonton
8507	disks
8509	pokemon
8511	ambien
8515	lexington
8516	vernon
8517	sans
8518	worldcat
8522	builds
8530	leslie
8531	casio
8532	deutsche
8534	postings
8536	kitty
8538	dude
8540	monte
8542	algeria
8544	luis
8545	reviewing
8546	cardiff
8547	cornwall
8552	sticks
8553	leone
8554	transsexual
8566	alto
8568	girlfriend
8569	bloomberg
8570	cheque
8578	circles
8579	italic
8580	beats
8581	merry
8583	scuba
8589	mauritius
8590	valued
8593	bangbus
8596	verde
8597	lauderdale
8600	hitachi
8601	divx
8603	batman
8606	coleman
8607	hugh
8612	jake
8613	eval
8615	anaheim
8616	ping
8621	luther
8624	stopping
8626	knights
8628	palmer
8631	derby
8635	pontiac
8639	trainers
8640	muze
8645	sewing
8649	recognised
8650	munich
8651	oman
8652	celebs
8656	azerbaijan
8659	adsl
8661	prix
8669	travelling
8671	annie
8674	derek
8676	shorter
8677	harley
8682	paraguay
8688	fifteen
8695	rolled
8696	tuner
8697	avon
8699	peterson
8700	rays
8702	shannon
8707	walt
8716	palestine
8717	listprice
8718	libs
8720	cadillac
8722	malawi
8725	sagem
8726	knowledgestorm
8727	dana
8730	curtis
8732	referenced
8739	gays
8740	pressing
8743	dressed
8745	belfast
8746	exec
8747	dealt
8748	niagara
8751	warcraft
8761	thrown
8766	electro
8772	vietnamese
8773	heath
8776	lexus
8781	maui
8782	handjobs
8783	weighted
8784	angola
8787	plastics
8790	jenny
8795	yemen
8800	internationally
8804	expedia
8810	commented
8813	smilies
8814	vids
8816	boating
8818	shakira
8822	rouge
8824	yale
8825	newfoundland
8835	stephanie
8839	findarticles
8840	louise
8841	kenny
8842	specially
8843	owen
8845	hitting
8846	yukon
8847	beings
8849	issn
8857	singh
8859	gilbert
8861	ferrari
8874	mysimon
8875	eleven
8876	wives
8880	oecd
8883	auburn
8885	hyundai
8888	angela
8891	xerox
8895	referrals
8896	quad
8899	firewire
8900	mods
8901	nextel
8903	organised
8906	rwanda
8907	sorts
8909	vsnet
8913	papua
8922	msie
8927	picking
8930	annotated
8934	openings
8935	buys
8936	burlington
8943	nudity
8944	kruger
8945	pockets
8946	granny
8955	aruba
8957	realtor
8960	edgar
8964	dubai
8967	pushing
8974	asus
8976	allan
8978	techrepublic
8979	sperm
8982	filme
8983	craps
8984	fuji
8986	leon
8989	dame
8991	sally
8993	tracy
8995	drilling
8999	alot
9003	traveller
9004	appropriations
9005	suspected
9008	beginners
9011	bedford
9012	stationery
9016	clusters
9025	calvin
9035	grows
9043	abraham
9046	afterwards
9047	webpage
9048	religions
9052	senegal
9056	wendy
9059	diffs
9061	mumbai
9063	disciplines
9064	casa
9066	daughters
9070	nvidia
9072	pasta
9076	wrapped
9083	vagina
9084	eden
9086	incl
9093	propecia
9096	samba
9100	mongolia
9107	manually
9108	reprint
9109	reid
9112	centered
9113	robertson
9118	belle
9119	rosa
9123	writings
9124	hamburg
9125	lazy
9130	cindy
9131	lolita
9132	fathers
9133	carb
9137	lined
9141	importantly
9148	pens
9151	strips
9161	beginner
9171	kinase
9172	skirts
9175	crawford
9176	labeled
9183	serbia
9185	griffin
9187	guyana
9189	blah
9195	thinkpad
9199	preston
9201	cunt
9202	feof
9204	chevy
9206	rounds
9207	longest
9209	tions
9213	usda
9219	peas
9222	urls
9223	customise
9228	cameroon
9230	marijuana
9234	baths
9240	nirvana
9242	fairfield
9243	owns
9245	invision
9250	emacs
9255	heated
9256	lafayette
9257	jackie
9263	sparc
9266	dover
9267	adrian
9270	vatican
9281	seekers
9287	gibraltar
9289	suited
9293	kinda
9294	aberdeen
9296	grad
9298	dylan
9299	bras
9300	belts
9301	blacks
9305	burke
9306	proudly
9311	inserted
9312	pulling
9313	basename
9314	kyle
9316	curves
9318	touring
9319	clara
9325	andorra
9329	travels
9333	specialties
9334	hayes
9337	functioning
9340	garcia
9341	cingular
9342	economies
9343	alexandria
9345	moses
9346	counted
9350	johns
9352	gaps
9358	teddy
9362	teaches
9365	bufing
9368	julian
9369	nest
9376	nato
9379	funky
9385	joins
9387	nominations
9388	wesley
9391	cancelled
9394	mpegs
9395	brunei
9397	banana
9399	slovak
9400	cakes
9401	stan
9409	worcester
9410	sbjct
9414	tooth
9418	stays
9421	drove
9425	springer
9427	mines
9430	logan
9435	baghdad
9437	metres
9445	performer
9447	titled
9450	powerseller
9453	concord
9454	graduated
9457	surprising
9459	lance
9461	italia
9464	liberia
9465	sherman
9469	hansen
9470	senators
9472	mali
9473	yugoslavia
9475	characterization
9480	fundamentals
9485	masturbation
9489	caroline
9504	changelog
9508	alternatively
9514	yang
9516	greensboro
9517	tulsa
9519	casey
9526	simpsons
9528	elliott
9530	fraser
9535	loops
9537	frontpage
9540	tahoe
9546	flashers
9547	subaru
9550	vanilla
9555	deutschland
9559	spank
9565	smithsonian
9568	securely
9570	fioricet
9579	mails
9582	sleeps
9584	blake
9587	travis
9590	figured
9593	niger
9596	positioning
9602	forbes
9604	moldova
9607	paxil
9613	ntsc
9617	apnic
9619	gerald
9620	pressed
9625	mariah
9628	usps
9629	joyce
9637	planners
9639	textiles
9642	closes
9646	deborah
9647	conf
9648	marco
9652	gabriel
9660	looksmart
9661	isaac
9665	erik
9667	naples
9673	paintball
9674	prozac
9675	sexually
9679	newark
9681	paso
9687	westminster
9690	distances
9696	ware
9702	apollo
9705	persian
9709	handmade
9710	greene
9713	grenada
9714	creations
9715	jade
9719	keno
9723	sanyo
9724	nested
9727	somalia
9728	movers
9733	carlo
9737	bryant
9739	voyuer
9742	switched
9743	stockholm
9744	tamil
9745	garmin
9749	indonesian
9752	richards
9753	mrna
9758	goat
9760	carmen
9764	hardwood
9773	forwarding
9778	reductions
9779	southampton
9780	istanbul
9782	organisms
9783	sega
9787	portsmouth
9788	cdna
9789	meyer
9790	enters
9799	gage
9800	throwing
9802	whore
9806	barbie
9808	favour
9812	smtp
9818	kurt
9821	roland
9824	interventions
9826	huntington
9828	ours
9829	mounts
9830	syracuse
9836	beastality
9837	webcast
9838	michel
9839	evanescence
9842	notre
9844	maldives
9847	antarctica
9851	canberra
9854	mambo
9856	kirk
9860	bool
9864	beautifully
9870	antibodies
9883	wiley
9884	departmental
9886	spas
9889	johnston
9891	gentleman
9897	indices
9901	intl
9904	zoloft
9906	frankfurt
9908	daisy
9909	halifax
9911	ultram
9914	earliest
9919	terminals
9921	morrison
9923	simulations
9928	myrtle
9931	yarn
9937	budapest
9942	bhutan
9943	liechtenstein
9944	mating
9951	allah
9954	unwrap
9959	telecharger
9966	hugo
9967	wagner
9970	touched
9973	gzip
9974	wishing
9976	smallest
9978	newman
9980	ricky
9981	ctrl
9983	theta
9986	laos
9990	lightbox
9991	robbie
9995	swaziland
9998	mediawiki
10007	lesotho
10010	rfid
10016	mama
10018	oscommerce
10021	racism
10022	greenland
10025	vaio
10027	gamers
10029	licensee
10031	sorting
10033	bisexual
10035	unused
10039	installer
10042	powershot
10043	bestselling
10048	seconded
10051	attributed
10053	seychelles
10060	kathleen
10061	bosch
10063	sandisk
10066	marino
10068	carson
10069	vitro
10071	complementary
10072	cosponsors
10076	hyatt
10078	carlton
10080	memorandum
10081	burned
10082	cardinal
10083	dragons
10085	romeo
10087	burundi
10088	incredibly
10090	turks
10091	roma
10092	demos
10093	balancing
10097	sided
10100	tittens
10107	cuban
10109	expressly
10115	valentines
10116	vonage
10125	kensington
10126	monterey
10128	rita
10129	quicktime
10132	nominal
10133	alicia
10136	underwater
10139	eighth
10142	herbert
10143	authorised
10150	vanuatu
10151	joey
10152	erotik
10154	tilt
10163	targeting
10164	franc
10168	similarity
10171	timor
10179	flats
10182	megapixel
10185	cancun
10191	cheryl
10192	radeon
10193	capri
10196	italicized
10209	crying
10210	matthews
10219	popup
10221	garnet
10225	honour
10231	coupe
10233	benin
10235	bach
10238	oceania
10241	khan
10244	peters
10250	lords
10252	tends
10253	fresno
10254	enjoyable
10263	sixty
10265	orgies
10266	boyfriend
10271	hogtied
10272	projections
10277	clipart
10282	newsgroups
10286	plated
10287	jacques
10290	togo
10291	spectra
10293	judith
10296	davies
10300	copenhagen
10301	expedition
10304	humour
10305	athlon
10307	caller
10312	landscaping
10313	tonga
10316	korn
10317	natalie
10320	shirley
10322	directv
10323	goodbye
10326	deviantart
10329	poorly
10330	goddess
10336	shoulders
10341	chapman
10345	beloved
10346	sometime
10347	ballard
10348	beating
10350	hunks
10352	libya
10353	offence
10356	whatsoever
10360	lithium
10361	sedan
10364	comprises
10366	bolton
10369	planting
10370	alphabetically
10371	facials
10373	dropping
10378	reagan
10380	fittings
10381	lining
10385	flora
10386	kazaa
10387	einstein
10388	pornstar
10390	hilary
10392	equals
10393	hardy
10402	bells
10406	yankees
10408	forwarded
10412	dorothy
10413	freeman
10415	greenville
10416	andre
10417	scat
10422	delphi
10425	buick
10426	slipknot
10428	sights
10435	liquor
10439	clayton
10441	bash
10443	suffolk
10444	ngos
10446	storesshop
10448	occupancy
10449	postgraduate
10454	daytona
10457	herzegovina
10458	constructor
10460	debbie
10462	issuance
10464	baldwin
10465	mbps
10470	decoration
10471	nationals
10478	alito
10479	sooner
10485	weber
10487	biotech
10489	turkmenistan
10492	iranian
10493	nelly
10497	unsecured
10498	brent
10499	gaining
10500	kyoto
10506	inactive
10507	lansing
10508	traveled
10513	patterson
10515	regulator
10517	therein
10522	postcode
10526	brett
10527	makefile
10529	ansi
10530	paula
10531	vicodin
10533	greens
10534	neat
10537	shawn
10540	bentley
10546	crafted
10547	burkina
10548	eritrea
10551	idiot
10552	comprised
10553	winnipeg
10554	charities
10555	mickey
10558	sebastian
10572	gambia
10573	aspen
10576	noaa
10577	cest
10578	objectionable
10580	lemma
10581	kyrgyzstan
10583	webb
10584	sensing
10586	venus
10587	postgresql
10588	bump
10592	kbps
10594	trac
10597	dolby
10598	balloons
10602	malcolm
10603	nikki
10604	georgetown
10605	technorati
10607	norwich
10608	halls
10609	alzheimer
10610	decorations
10611	pause
10613	postscript
10614	dividends
10616	periodicals
10617	pearson
10619	welcomed
10624	gabon
10625	notation
10626	chandler
10628	interviewed
10632	discontinued
10637	globalization
10640	atari
10642	pulmonary
10644	toledo
10645	asses
10650	reebok
10653	downs
10657	rogue
10659	blogthis
10660	electronically
10662	augusta
10663	wilmington
10665	faso
10671	sahara
10674	sdram
10682	methodist
10685	sits
10688	toes
10690	honored
10691	optic
10692	hannah
10695	tailored
10697	frances
10701	leicester
10702	vodafone
10707	romanian
10710	ucla
10712	celeb
10713	bust
10715	assoc
10717	palo
10720	gardner
10722	sanders
10725	pertaining
10726	novell
10730	tina
10738	twain
10740	boise
10742	nevis
10743	saab
10745	lavender
10752	cert
10753	buffy
10754	doctoral
10759	mann
10760	tajikistan
10761	yankee
10762	sheraton
10763	outs
10766	booster
10767	taxable
10769	progression
10774	torrent
10777	linksys
10781	odyssey
10783	nero
10784	capita
10785	nyse
10788	inaccuracies
10790	caledonia
10792	wholly
10797	bnet
10801	manila
10806	purely
10807	demographics
10814	corresponds
10815	daemon
10816	foil
10817	whitney
10819	buddies
10823	allison
10830	pogo
10831	acted
10832	konica
10834	amps
10835	byron
10836	critique
10840	transvestite
10844	carnegie
10845	digg
10848	jointly
10849	canadians
10851	comprising
10853	ladyboy
10855	listened
10858	hussein
10861	riley
10863	duplication
10864	equatorial
10868	squares
10869	scottsdale
10870	ninja
10872	avalon
10876	vans
10881	percussion
10885	cone
10887	sands
10889	spinning
10892	pentagon
10893	spectral
10896	libdevel
10898	dominica
10902	finishes
10905	embroidered
10908	gameboy
10911	subset
10912	gucci
10913	threw
10914	sutton
10915	djibouti
10916	https
10917	websphere
10919	cheney
10922	credited
10923	cherokee
10927	followup
10929	simmons
10931	gals
10934	bidders
10935	wherein
10936	simulator
10938	performers
10941	exporters
10942	walsh
10943	ninth
10953	ivan
10958	authoring
10960	wills
10961	katherine
10963	jacobs
10964	mauritania
10967	irvine
10968	drake
10969	olds
10971	jakarta
10972	cynthia
10973	roosevelt
10974	practicing
10975	schmidt
10976	nicely
10979	della
10980	laurel
10981	carolyn
10984	pgsql
10986	cairo
10989	traded
10991	vivo
10992	malls
10993	domination
10995	jensen
11003	woody
11005	mcgraw
11008	cried
11009	psychic
11014	substrate
11015	sincerely
11017	beaten
11019	ashanti
11020	antilles
11022	ukrainian
11027	freshwater
11028	topical
11030	cocaine
11033	tucker
11036	plugs
11037	isdn
11039	coded
11040	supra
11042	molly
11045	alcatel
11047	unbiased
11049	suriname
11050	chiefs
11051	franz
11053	supplementary
11054	parkway
11055	femdom
11056	palau
11059	duff
11060	lodges
11066	travellers
11069	biking
11070	discrepancies
11072	microsystems
11074	senses
11075	aerosmith
11078	willie
11079	portfolios
11085	fairfax
11086	beck
11087	semantics
11089	scarface
11093	rolex
11097	waterloo
11098	warwick
11099	coli
11101	pentax
11102	restart
11103	rounded
11106	mitigation
11107	tome
11108	prof
11109	overstock
11110	homer
11113	macdonald
11115	gases
11117	dioxide
11118	fireworks
11119	genus
11121	catching
11122	cutter
11129	dixon
11134	hath
11135	torque
11138	memberships
11140	renting
11141	icann
11142	ticketmaster
11144	meridia
11145	phillip
11151	avril
11152	willis
11154	camden
11155	coupling
11161	winchester
11166	bloglines
11168	pedro
11171	carrie
11172	audioslave
11174	wikimedia
11175	canterbury
11176	lipitor
11177	remodeling
11178	trent
11179	redhat
11183	enom
11187	haha
11189	erin
11190	ferguson
11192	holistic
11195	encarta
11196	mariana
11198	claude
11200	childcare
11206	polynesia
11207	barton
11210	napster
11211	rods
11212	wong
11215	pigs
11217	olivia
11218	rechargeable
11219	engineered
11224	maya
11225	discourse
11226	lancashire
11227	superstore
11228	headache
11229	stained
11234	bruno
11238	notwithstanding
11239	blogroll
11240	evite
11242	romans
11243	micronesia
11246	fest
11247	thames
11249	dreamweaver
11250	diets
11251	montenegro
11252	deed
11254	whirlpool
11255	perfumes
11258	bauer
11261	multiplayer
11263	caicos
11265	qaeda
11266	dissemination
11268	cardinals
11269	kitts
11271	dawson
11272	tivo
11274	deletion
11277	hoover
11279	macau
11281	elective
11285	mudvayne
11294	southwestern
11302	denise
11304	searchable
11305	touching
11306	aguilera
11308	servicing
11309	papa
11312	chang
11313	gloria
11314	counselling
11318	ecards
11319	maggie
11322	canton
11323	nina
11324	acura
11325	registering
11326	seth
11329	clit
11330	bonnie
11331	laying
11335	fedex
11336	strive
11339	laserjet
11340	martinique
11341	shells
11345	peso
11347	monkeys
11348	historically
11349	lego
11352	digits
11356	easiest
11359	internships
11368	craigslist
11370	stepped
11373	protector
11374	hamas
11378	rises
11379	shane
11380	issuing
11384	buddha
11390	mozart
11392	sketch
11393	hoffman
11399	pitt
11401	dancer
11405	hyde
11408	dots
11410	newswire
11411	aston
11413	spermshack
11416	washed
11418	staind
11421	rhodes
11424	sourcing
11425	vase
11426	filings
11431	boeing
11432	sizing
11435	hindi
11436	presley
11439	godsmack
11440	labeling
11442	whois
11443	burma
11446	aboard
11447	paradigm
11449	irving
11451	joints
11454	snmp
11455	standardized
11459	bounds
11460	lyon
11462	kosovo
11463	santiago
11464	vera
11467	devils
11469	europa
11470	barbuda
11472	cheshire
11473	boyd
11474	sliding
11476	napa
11479	inst
11481	nickelback
11484	homo
11486	sioux
11487	nazi
11488	cote
11489	premiums
11490	jenna
11492	lutheran
11495	fellows
11496	valencia
11497	superman
11498	rodriguez
11499	perkins
11500	animations
11503	splash
11504	fargo
11506	equip
11507	saga
11508	reged
11513	gran
11514	commissioned
11517	anguilla
11519	violet
11520	dancers
11522	radisson
11525	alle
11527	hitler
11531	preparations
11532	maxwell
11538	oblique
11542	palestinians
11544	ldap
11547	maintainer
11548	apples
11550	dewey
11559	mayo
11560	tasmania
11562	benq
11566	schneider
11570	screws
11572	enjoys
11576	knoxville
11577	averages
11578	peaks
11580	como
11581	lisp
11582	limousine
11583	churchill
11584	mentoring
11589	didnt
11591	planted
11592	petitioner
11596	niche
11603	erie
11604	berkshire
11606	proportional
11609	nonetheless
11613	jenkins
11617	spotted
11619	hifi
11621	ajax
11625	wont
11627	forex
11628	diagnostics
11629	grandfather
11634	dreamcast
11637	anita
11639	nile
11643	kyocera
11651	nudes
11653	hubs
11654	pasadena
11657	bissau
11660	whoever
11663	straw
11665	mankind
11667	fgets
11668	citrus
11670	cameltoe
11675	reuse
11676	ernest
11685	loses
11687	renault
11688	atkins
11690	comoros
11694	waited
11695	preventive
11698	stefan
11699	selector
11703	dunn
11704	hotwire
11706	smiling
11707	ounces
11709	economically
11710	uncut
11712	noting
11714	samurai
11716	moines
11717	subtotal
11723	lightly
11726	analyzer
11727	herman
11731	charset
11732	clin
11734	talents
11735	nixon
11737	brady
11738	guadeloupe
11740	walton
11741	zhang
11745	freak
11747	govt
11752	jasper
11756	sadly
11758	gorillaz
11760	emerson
11769	gameplay
11773	regina
11774	stein
11778	goodness
11787	martinez
11788	bombing
11792	winxp
11794	inability
11798	bldg
11800	prom
11804	johannesburg
11808	buddhist
11809	isps
11813	environ
11815	theatrical
11816	coloured
11820	interdisciplinary
11821	wheeler
11823	miguel
11824	kerala
11826	onset
11832	assay
11833	jacuzzi
11836	lesbianas
11838	parser
11839	leigh
11840	razr
11841	slam
11845	plaque
11846	accounted
11847	deposited
11848	lowe
11851	styling
11854	pulls
11856	weezer
11858	motoring
11861	condensed
11862	philippine
11863	theological
11866	scenery
11867	coca
11869	peugeot
11870	bollywood
11876	xmas
11881	welcomes
11884	tara
11887	proliferation
11888	usenet
11894	customised
11895	trilogy
11898	brightness
11899	maurice
11900	brooke
11902	maxim
11905	imdb
11907	clic
11911	marley
11912	enjoyment
11913	typepad
11914	cows
11918	austrian
11919	correspond
11921	suzanne
11927	cygwin
11928	morton
11930	gprs
11932	jupiter
11940	robotics
11941	pagan
11947	randall
11948	benson
11952	vibrant
11956	skies
11957	barrett
11958	init
11960	alison
11961	fitzgerald
11975	oslo
11979	propagation
11985	scaling
11987	fave
11989	ashlee
11991	viet
11992	fashioned
11996	purification
11998	orbitz
11999	southeastern
12000	wizards
12005	helsinki
12006	hardback
12009	vuitton
12010	nextag
12014	storing
12016	tote
12019	tuned
12020	narnia
12022	alfa
12025	mayer
12028	geoff
12029	rename
12035	ietf
12038	bella
12042	williamson
12043	sock
12044	gentlemen
12045	copier
12046	uncategorized
12047	terra
12048	literal
12056	glorious
12057	geforce
12063	grounded
12068	judgement
12070	hendrix
12071	cumberland
12072	gifted
12076	strokes
12077	shelby
12084	landed
12086	tees
12089	warsaw
12093	winnt
12097	hydro
12098	nonlinear
12099	spokane
12101	phosphate
12102	playa
12112	socio
12113	pcmcia
12116	neal
12119	meridian
12123	stakes
12125	nederlands
12127	movable
12128	doubles
12131	filmography
12133	tens
12135	reflective
12136	outerwear
12139	greenwich
12141	parse
12146	grandmother
12148	puma
12153	greenwood
12157	downstream
12161	edwin
12162	webcasts
12165	masterbating
12166	clare
12168	recognise
12169	tacoma
12171	aphrodite
12174	whites
12175	rant
12179	locals
12180	fringe
12182	internally
12185	tungsten
12186	typed
12187	desc
12188	datasheet
12189	laurent
12192	manuel
12193	xenical
12194	computerworld
12195	gaza
12196	influenza
12197	gill
12200	sang
12201	steele
12204	peptide
12210	meanings
12211	conception
12212	unemployed
12213	heavenly
12215	exeter
12219	elsevier
12220	nordic
12221	middlesex
12222	curl
12223	privat
12224	albanian
12225	overflow
12226	geometric
12227	hastings
12229	taxonomy
12230	thirds
12231	deli
12238	darling
12239	schwartz
12240	satan
12243	sata
12245	xxxx
12246	megan
12247	allergies
12249	bangalore
12253	everett
12254	reviewers
12255	clutter
12257	marty
12260	vale
12261	whereby
12262	deceased
12264	xlibs
12265	belgian
12268	simpler
12270	coventry
12272	hancock
12273	falkland
12276	pricegrabber
12280	args
12281	madden
12282	russ
12284	deeds
12287	smugmug
12293	alright
12294	laguna
12307	transformers
12308	successes
12309	racer
12312	sweep
12313	nash
12325	doyle
12327	coldfusion
12329	shooter
12331	paints
12332	vince
12333	neighbourhood
12335	carr
12339	cookware
12341	lavigne
12342	param
12343	smiled
12346	regeneration
12350	environmentally
12351	nonsense
12354	ncbi
12355	inserts
12357	elaine
12358	programmable
12360	subjected
12362	bibtex
12364	gwen
12372	branded
12374	manning
12375	lisbon
12378	boxer
12380	livejournal
12381	diazepam
12382	weigh
12383	rodeo
12384	clerical
12385	voyager
12386	hobart
12387	sampler
12389	jovi
12391	dorset
12392	corrosion
12393	positioned
12394	checker
12395	buenos
12399	cathy
12402	darren
12405	fischer
12406	pooh
12411	shaping
12413	afghan
12415	paulo
12417	meantime
12418	pumping
12419	patented
12420	revival
12424	regency
12425	milfseeker
12426	tasty
12428	midland
12430	synchronization
12431	mccarthy
12432	informatics
12433	oakley
12434	heck
12435	rants
12436	tarot
12437	didrex
12438	brenda
12441	carts
12443	purdue
12447	reversed
12450	figurines
12451	footer
12452	maternal
12454	jedi
12455	seamless
12458	mixes
12460	branding
12466	panty
12467	feeder
12468	mercer
12469	roms
12470	goodman
12472	subunit
12473	chloride
12475	kane
12476	becker
12477	aires
12479	orion
12480	commercials
12481	councillor
12482	regulators
12483	hurry
12485	clarkson
12486	carlson
12489	benchmarks
12490	hanson
12494	panorama
12496	roth
12497	odor
12500	kiribati
12502	telnet
12506	parked
12508	financials
12509	castro
12512	holden
12515	converters
12516	nauru
12519	solitaire
12522	kaiser
12525	wallis
12526	criminals
12534	theatres
12540	twentieth
12544	extensively
12546	conrad
12547	wished
12550	coloring
12552	gadget
12553	cctv
12557	deco
12558	ticker
12559	coke
12562	baron
12563	remover
12566	bates
12568	brasil
12569	webs
12570	swinging
12572	thrust
12574	unicode
12576	prod
12579	hewitt
12580	lowering
12587	discography
12589	todo
12590	encoded
12591	researching
12592	noah
12593	wore
12594	christchurch
12595	pediatrics
12598	sushi
12599	puffy
12600	asap
12601	weston
12602	headings
12607	onsite
12608	mapquest
12609	contracted
12613	compilations
12616	scholarly
12617	detailing
12618	stark
12620	roberto
12623	hammond
12624	swimwear
12625	padded
12626	applet
12627	pricetool
12628	circa
12631	threesomes
12634	quinn
12636	honours
12638	daniels
12639	billions
12641	daewoo
12644	stafford
12645	mgmt
12646	procedural
12647	labrador
12649	lima
12652	cern
12653	readiness
12655	macros
12656	majesty
12659	teresa
12662	outdated
12663	aussie
12664	advisories
12665	dues
12666	pewter
12667	lendingtree
12668	belmont
12673	trevor
12676	acad
12679	localization
12681	secondly
12685	grandma
12686	customization
12687	gigs
12688	indexing
12689	lori
12693	ivoire
12694	backwards
12697	montserrat
12698	telecommunication
12700	coatings
12701	eureka
12707	tibet
12708	preparedness
12709	pres
12711	stretching
12713	systemic
12714	garrett
12715	esther
12716	playoffs
12718	deductible
12723	forecasting
12730	laurie
12732	zodiac
12734	enya
12735	masterbation
12736	tubing
12737	keller
12740	bloomington
12744	inlet
12748	realise
12749	fluids
12750	conveniently
12752	vanessa
12755	nucleotide
12757	ness
12758	bronx
12759	listmania
12760	repayment
12761	middot
12762	netgear
12767	whip
12768	symbian
12770	pertinent
12773	promoter
12775	collegiate
12776	constants
12778	interchange
12779	remotely
12781	fletcher
12783	isuzu
12785	handful
12787	curtains
12788	eaten
12791	kelley
12793	conditioned
12794	webring
12797	redirect
12798	interoperability
12799	msrp
12800	tuvalu
12803	excite
12805	neoplasms
12810	salisbury
12811	pseudo
12816	dinar
12818	creed
12822	nobel
12823	raiders
12826	verlag
12827	elegance
12829	pointers
12831	scrapbook
12832	dummies
12833	throne
12835	pagina
12836	kenwood
12837	chartered
12840	unfortunate
12842	roundup
12845	imac
12846	consisted
12847	randolph
12848	faxes
12855	wwii
12857	methyl
12861	ramada
12863	mansfield
12864	neighbours
12865	tesco
12866	marvin
12868	architectures
12869	conversions
12870	acdbline
12873	getty
12876	readable
12878	conway
12880	gail
12885	payne
12886	prog
12887	firewalls
12889	polling
12890	fifa
12891	purchaser
12894	inserting
12895	tibetan
12898	consumables
12899	waterford
12900	rodney
12904	fulton
12907	highbeam
12908	msdn
12911	zurich
12912	stretched
12920	bout
12921	cont
12924	lohan
12926	olympia
12927	hank
12932	carlisle
12934	rancho
12936	nederland
12937	stockton
12938	stepping
12940	clearwater
12942	trustpass
12943	topology
12946	piper
12950	wealthy
12951	handicap
12952	skinny
12954	endowment
12957	sundance
12958	lifecycle
12959	dhcp
12960	avec
12961	trucking
12962	sonoma
12963	esta
12965	amos
12966	iraqis
12968	wretch
12971	racist
12975	fairmont
12976	ventura
12979	evergreen
12984	fond
12985	sore
12986	aaliyah
12987	fiat
12989	sixteen
12990	newsgroup
12992	audiovox
12996	phuket
13000	sickness
13001	guiana
13002	underneath
13005	noel
13006	cans
13008	sarasota
13009	billed
13011	avery
13012	toons
13013	danielle
13015	tenth
13018	smiles
13021	grandchildren
13025	aided
13028	eternity
13029	mesothelioma
13032	weighing
13035	bizjournals
13036	michele
13038	aide
13039	kindly
13040	cutie
13046	dances
13048	reprinted
13049	fernando
13052	lieu
13055	creampie
13056	seoul
13057	printf
13064	jerome
13065	daytime
13067	contour
13073	analyse
13074	rammstein
13080	scrapbooking
13083	ibid
13085	reds
13086	enlarged
13087	stephens
13089	sequential
13090	stripping
13092	bart
13094	goodies
13096	bowie
13097	auth
13101	babylon
13102	gina
13103	sugababes
13104	edison
13108	musings
13109	whistler
13112	huntsville
13114	noir
13117	evan
13118	servicemagic
13121	scent
13124	titanic
13128	herpes
13131	dundee
13132	newsgator
13133	principe
13137	unchanged
13140	akron
13144	ounce
13145	thirteen
13148	theodore
13149	buena
13153	sounding
13155	milano
13157	toast
13158	happily
13160	samantha
13162	knox
13164	webmail
13166	taipei
13167	unesco
13171	kumar
13172	beaded
13174	boca
13177	gemini
13178	kinky
13179	brittany
13183	cunningham
13186	presbyterian
13187	supervisory
13189	ostg
13190	buddhism
13193	chiropractic
13195	gloucester
13197	owens
13200	coll
13203	netbsd
13205	misplace
13206	versa
13209	serviced
13210	mack
13212	sung
13213	lowell
13214	whichever
13215	starr
13216	elliot
13219	vaccines
13220	chooses
13221	tuscany
13226	unspecified
13236	lett
13237	maths
13238	addison
13240	generalized
13244	flint
13245	dummy
13249	americana
13253	cleanliness
13254	complexes
13255	kung
13259	croatian
13261	multicast
13262	certifications
13263	burnt
13266	muhammad
13267	alma
13268	pradesh
13271	hanover
13272	inverse
13273	clifton
13274	holt
13275	isis
13280	dickinson
13281	christi
13282	lister
13288	incubus
13289	kaplan
13291	surveyed
13293	dull
13302	stevenson
13306	majestic
13308	omni
13311	debuginfo
13314	clifford
13315	knowledgeable
13321	jimi
13326	telefonsex
13328	putative
13333	hyperlink
13334	presario
13335	motorsports
13340	robbins
13342	felix
13343	shiny
13344	carmel
13345	encore
13347	angelina
13348	kimberly
13349	unsure
13350	braun
13358	countless
13359	ashland
13360	energies
13362	repealed
13363	royce
13366	sophomore
13370	filesize
13374	garland
13375	voor
13376	celebrex
13377	verisign
13378	riviera
13381	napoleon
13385	slashdot
13386	transvestites
13392	sidney
13393	friedman
13394	coolpix
13397	tawnee
13400	chronological
13407	percentile
13408	linkage
13411	wedge
13414	peggy
13419	sheila
13424	accomodation
13425	benton
13426	mcafee
13428	denis
13429	counselors
13431	competitiveness
13433	microscopy
13434	changer
13437	syrian
13439	madthumbs
13440	linkin
13441	gmail
13444	courtney
13448	reserveamerica
13449	organisational
13450	prospectus
13451	ezine
13452	protectors
13453	reactive
13454	interiors
13457	disadvantages
13458	gamer
13459	alexa
13460	abbott
13462	pollutants
13465	faux
13469	pascal
13471	serenity
13475	sheridan
13479	terri
13481	dreaming
13485	alibaba
13487	hormones
13490	geoffrey
13492	addr
13494	silva
13496	diablo
13499	institut
13502	prima
13507	zelda
13510	alba
13513	fetal
13516	seated
13518	dong
13522	sirius
13525	kudoz
13526	vous
13527	turf
13530	improper
13535	livingston
13536	quickcheck
13537	commenting
13542	ziff
13544	irons
13546	berg
13547	baltic
13548	corrective
13552	teachings
13553	tyne
13554	lotto
13555	fowler
13560	textures
13565	hawkins
13567	lust
13569	augustine
13572	seagate
13573	nanotechnology
13576	toggle
13577	luna
13580	commercially
13582	dion
13583	wolfgang
13586	completeness
13588	barker
13589	solids
13590	mergers
13596	realised
13597	cpus
13598	jude
13599	eighteen
13600	singular
13601	incremental
13602	jennings
13605	redistribute
13607	corr
13608	baxter
13611	sbin
13612	deficiencies
13613	curved
13615	erase
13616	lien
13620	marx
13621	incidental
13622	toni
13626	hale
13629	intra
13633	summers
13634	taboo
13635	equestrian
13637	olson
13638	methodologies
13642	fourteen
13646	fremont
13648	someday
13653	sounded
13654	exporter
13656	dwarf
13660	northeastern
13661	ifdef
13663	rewarding
13664	killers
13666	multicultural
13670	dataset
13671	thornton
13672	schoolgirl
13673	caesar
13674	savers
13675	powerpc
13677	steelers
13679	davenport
13681	monogram
13682	philippe
13685	fucks
13686	relational
13690	pussies
13692	sophie
13693	doesnt
13694	tiff
13696	refrigeration
13699	houghton
13700	countdown
13702	decker
13703	natl
13705	extern
13707	enron
13717	glossy
13718	informations
13719	haired
13720	directional
13721	breeders
13723	pablo
13725	biographical
13729	vladimir
13733	decals
13739	dough
13741	macs
13742	towing
13743	welch
13744	rosemary
13746	turquoise
13750	baccarat
13751	boone
13754	paperwork
13755	mommy
13759	hutchinson
13761	cohort
13762	succession
13765	sums
13767	averaged
13768	hotspot
13769	bellevue
13771	pueblo
13775	gigabit
13780	roach
13781	clarion
13783	angus
13785	lame
13788	feng
13790	burgundy
13794	soho
13795	ashes
13796	vanguard
13797	nylons
13799	natal
13800	locus
13801	msnbc
13802	hillary
13803	evenings
13806	factual
13807	carisoprodol
13809	spectroscopy
13810	gemstone
13812	phonephone
13813	elton
13815	shaking
13816	unregistered
13819	moto
13820	gonzalez
13823	valerie
13825	dior
13830	pops
13831	osha
13832	judaism
13833	goldberg
13834	atlantis
13837	preteen
13838	bonding
13841	corinthians
13843	proactive
13844	issuer
13845	uncomfortable
13846	sylvia
13848	sponsoring
13850	doubled
13851	malaysian
13854	rabbits
13858	easton
13861	bulldogs
13865	tariffs
13866	norris
13869	baptism
13872	tallahassee
13873	userpic
13874	knot
13878	staffordshire
13880	acta
13884	timed
13886	yuan
13892	subscribed
13893	tate
13895	dartmouth
13903	bergen
13904	lowered
13905	kris
13910	sizeof
13912	rocking
13914	nichols
13915	regs
13916	blackwell
13918	sweets
13919	nautical
13922	gutenberg
13923	bubbles
13924	ashton
13925	pitcher
13926	shinedown
13928	judgments
13930	motif
13936	arin
13937	unisex
13944	ethanol
13945	cannabis
13947	rsvp
13948	sofia
13949	dynamically
13950	comprise
13951	grenadines
13952	lump
13953	constr
13958	engraved
13960	alta
13961	manson
13962	autocad
13964	unpaid
13966	powerbook
13969	substantive
13971	worries
13975	nigel
13977	transporter
13978	jolie
13979	swinger
13981	ethereal
13983	aero
13988	infiniti
13989	blanc
13991	bounded
13993	williamsburg
13996	supp
13998	snyder
13999	budgeting
14000	exercised
14003	resale
14004	mikes
14005	howell
14007	scalar
14009	cinderella
14010	unresolved
14011	sesame
14014	touches
14015	seiko
14017	arial
14019	joanne
14021	zoofilia
14027	corvette
14029	stacy
14030	christie
14031	unrelated
14032	lois
14033	levi
14034	annotate
14036	mont
14037	joomla
14038	misuse
14039	helix
14043	dixie
14046	legion
14054	shook
14055	lincolnshire
14056	financed
14060	reconditioned
14061	shocking
14063	overland
14065	isaiah
14069	unanimously
14073	matte
14074	neighboring
14075	uncommon
14077	stratford
14078	heidi
14079	melanie
14081	unpublished
14082	ames
14086	juniors
14088	secunia
14089	metering
14090	seymour
14097	bombay
14098	originals
14100	chennai
14101	milford
14103	bartlett
14106	ions
14107	asshole
14111	faroe
14112	townsend
14113	blackburn
14114	glendale
14118	sundays
14119	upside
14124	sinclair
14127	activex
14128	logon
14130	annapolis
14134	espanol
14135	disadvantaged
14136	trong
14137	diagonal
14141	polk
14142	mets
14143	niue
14145	shear
14149	franchises
14150	rams
14154	hmmm
14155	genomic
14157	helpdesk
14165	trump
14166	nate
14170	adhd
14173	stella
14176	anyways
14177	xtreme
14178	passages
14179	etiology
14187	mellon
14188	drills
14189	webmd
14190	alexandra
14191	champ
14192	personalised
14194	zerodegrees
14195	agreeing
14197	exhibitor
14198	rented
14200	harrisburg
14202	augmentation
14203	otto
14207	sportswear
14212	recap
14215	astro
14217	chanel
14218	theo
14220	jabber
14222	bindings
14227	este
14230	incomes
14231	fema
14232	subwoofer
14237	jeremiah
14238	sapiens
14240	olsen
14241	serbian
14246	sanchez
14249	amherst
14251	hotspots
14253	nielsen
14254	podcasting
14256	centennial
14258	bluegrass
14259	hazel
14260	wipe
14266	connie
14267	autographed
14269	modulation
14274	loader
14278	caldwell
14280	themed
14285	rupee
14286	ments
14289	irene
14290	empowerment
14294	veronica
14295	filtered
14297	growers
14298	vinci
14301	gcse
14302	haul
14305	acknowledgement
14307	duly
14313	grassroots
14314	mick
14315	gentoo
14316	redevelopment
14318	strait
14319	masterpiece
14324	jacks
14332	frontgate
14334	mare
14335	routinely
14338	kirby
14339	armour
14343	northampton
14346	managerial
14348	cary
14349	celine
14352	shaving
14353	finepix
14358	humorous
14359	tonnes
14360	hypermail
14361	thunderbird
14363	corona
14364	heap
14365	griffith
14366	investigative
14367	letras
14369	erection
14370	quasi
14374	disturbance
14375	saunders
14378	facesitting
14381	bilder
14383	mccartney
14384	anglo
14386	kathryn
14389	eats
14390	randomized
14391	knots
14393	motivational
14394	offences
14395	anton
14396	pals
14397	gratuite
14398	gerry
14401	armenian
14402	longitudinal
14404	realities
14405	kappa
14407	samson
14408	neuroscience
14411	fleming
14414	remediation
14419	seldom
14420	heathrow
14421	indy
14422	morrow
14423	pantera
14425	giovanni
14426	sidebar
14427	authored
14428	lasted
14431	winery
14433	scaled
14436	wiltshire
14438	overlay
14439	wraps
14440	constituents
14441	rusty
14442	pharma
14444	handicapped
14445	exported
14446	fayetteville
14448	champaign
14452	pakistani
14456	bitches
14458	urbana
14459	bravo
14462	secsg
14463	franco
14465	dispersion
14467	trivium
14468	amature
14471	swarovski
14472	resting
14481	akon
14482	blessings
14483	brendan
14487	condosaver
14489	amex
14491	classicvacations
14492	blackpool
14494	nicht
14496	hertfordshire
14498	inuyasha
14500	warmer
14502	viewsonic
14505	fujifilm
14511	engl
14512	grouped
14514	asians
14515	orient
14516	contra
14518	populated
14519	seether
14520	renee
14524	parkinson
14525	parsing
14527	mclean
14528	derbyshire
14529	checkboxes
14532	rave
14537	cinemas
14538	islander
14539	encoder
14540	nicolas
14544	importers
14545	impressum
14546	transformer
14547	weiss
14551	chattanooga
14552	giles
14553	maroon
14556	jerk
14557	kontakt
14561	kawasaki
14562	licences
14563	bose
14565	bathing
14566	lambert
14572	unhappy
14574	foregoing
14575	crossover
14576	situ
14577	specificity
14580	gerard
14581	runoff
14588	ariel
14590	monty
14591	cafes
14594	hitch
14597	nexus
14600	nineteenth
14601	chesapeake
14602	tango
14606	clarence
14607	ernst
14609	buster
14610	moderated
14612	nassau
14616	allowable
14619	sings
14620	marcos
14622	carte
14624	canned
14630	switchfoot
14631	coldplay
14632	insulated
14633	dupont
14634	harriet
14635	philosopher
14636	rectangle
14638	queer
14640	vioxx
14641	decatur
14644	ahmed
14646	buchanan
14648	sobre
14649	celexa
14651	symmetric
14654	kuala
14661	avant
14662	repec
14666	hooded
14667	unrated
14668	diva
14669	adsense
14677	emulation
14681	contiguous
14683	perez
14684	cimel
14686	hvac
14687	explanatory
14688	leica
14689	settlers
14691	ministerial
14692	xavier
14694	torah
14698	owning
14700	andersen
14701	busch
14702	armani
14707	ferdinand
14709	thrill
14711	undoubtedly
14713	inbound
14716	shortlist
14717	gainesville
14718	tiava
14723	headaches
14724	ramsey
14726	readme
14731	xemacs
14734	magnum
14736	invaluable
14742	intercontinental
14744	traction
14745	utterly
14746	workspace
14747	customizable
14748	softcover
14749	gavin
14751	realtime
14752	lasts
14753	gloucestershire
14756	dane
14757	claudia
14758	perpetual
14759	subsystem
14760	appl
14764	clustering
14768	verbatim
14770	httpd
14771	quicker
14774	attributable
14775	sketches
14776	angelo
14777	tertiary
14779	smarter
14780	slac
14783	dora
14786	tang
14787	graphite
14789	stroller
14796	fats
14797	futuna
14801	germans
14802	lilly
14803	shire
14806	kashmir
14807	insest
14808	lyons
14809	skyline
14812	lipid
14813	putnam
14816	ming
14818	quot
14819	ritz
14820	networked
14821	localhost
14824	transformations
14825	cabling
14827	werner
14828	clyde
14829	stills
14830	perimeter
14836	irwin
14838	chiang
14842	fran
14843	merrill
14844	oldsmobile
14846	rafael
14848	enquire
14850	mains
14853	lindsey
14858	searchsearch
14859	hubbard
14861	vending
14864	keygen
14865	janeiro
14868	shelley
14869	batting
14872	transexuals
14873	rests
14874	toss
14875	prentice
14879	cumbria
14881	diaz
14882	ripped
14884	congressman
14887	recombinant
14888	ubuntu
14891	closeout
14892	corel
14893	kayaking
14899	garfield
14902	saturated
14903	georges
14905	quincy
14907	doughty
14908	bonded
14909	sticking
14910	dudley
14911	osama
14913	stripped
14914	oprah
14915	inflatable
14917	clive
14919	glassware
14924	darby
14925	woke
14927	fills
14931	coursework
14935	mayotte
14938	repetitive
14939	stanton
14940	creators
14943	musicals
14944	kilometres
14946	lithuanian
14947	amatuer
14949	empires
14950	profiling
14951	reps
14955	sequencing
14958	panoramic
14959	risen
14961	deskjet
14963	polynomial
14971	catches
14972	evangelical
14973	eaton
14976	henri
14977	stochastic
14980	santana
14981	kidding
14982	piping
14983	swept
14984	swansea
14987	seventy
14992	chatham
14993	roadmap
14995	becky
14996	lesbo
14997	farrell
15000	supporter
15001	acknowledgements
15002	klaus
15004	skincare
15006	heroin
15011	xslt
15012	hogan
15015	sulfate
15016	dresden
15017	timeshare
15019	oldies
15022	analytic
15023	predominantly
15025	debra
15026	woodward
15028	cdrom
15030	adorable
15032	torres
15035	restraint
15037	fortran
15038	eddy
15040	berger
15043	corey
15044	kendall
15048	ninety
15051	stewardship
15052	cues
15054	bioinformatics
15055	kisses
15056	kerr
15058	flock
15059	exporting
15060	arabian
15061	chung
15062	subpart
15063	scheduler
15065	boris
15069	vega
15070	pleasures
15071	shortest
15073	cornerstone
15075	shave
15078	sexe
15080	galway
15081	colt
15089	rubbish
15095	hoteles
15097	bordeaux
15101	disneyland
15105	upstairs
15108	offs
15109	listserv
15111	vauxhall
15112	cond
15113	welcoming
15114	learns
15117	hickory
15120	tokelau
15121	conformance
15123	diecast
15124	bittorrent
15125	cody
15126	frankie
15128	lawson
15132	alprazolam
15133	damned
15134	beethoven
15141	peterborough
15145	hips
15146	rene
15148	positives
15149	wigs
15152	zion
15156	hunk
15159	tapestry
15162	chap
15166	freebies
15167	converse
15170	tele
15172	imap
15173	winamp
15174	winnie
15176	higgins
15177	stoke
15179	warwickshire
15184	jeeves
15186	phat
15189	lumpur
15192	denton
15195	whitman
15196	nowadays
15197	woodstock
15198	infospace
15201	surfers
15206	kauai
15207	licensors
15208	indicative
15212	ithaca
15213	webhosting
15214	edmund
15215	peoria
15220	practiced
15221	ella
15223	ipsec
15224	bournemouth
15225	sudoku
15227	undef
15231	havana
15235	sars
15236	restrictive
15240	predictive
15241	vlan
15243	hier
15246	sendmail
15248	billings
15249	jeanne
15250	nitro
15253	marin
15254	halfway
15255	cortex
15258	conflicting
15259	georgian
15261	recherche
15263	secs
15266	claus
15267	policing
15268	braves
15272	michaels
15274	hemisphere
15275	miranda
15280	similarities
15282	hipaa
15283	porto
15285	duluth
15292	femme
15296	scriptures
15298	lester
15299	dogg
15302	wording
15305	rockies
15307	dimm
15308	exercising
15311	pensacola
15312	atkinson
15316	nord
15317	exhibitors
15321	wolfe
15323	thereto
15325	tyres
15326	westwood
15328	enamel
15329	toby
15331	radiant
15332	estonian
15333	virgins
15334	firstly
15335	martini
15338	reeves
15341	disadvantage
15342	bastard
15343	shania
15345	spends
15347	typedef
15348	pratt
15349	pedigree
15350	strippers
15351	macmillan
15354	woodworking
15355	sherwood
15359	pricerunner
15364	francais
15365	trenton
15366	chalk
15367	omar
15368	alexis
15369	bethesda
15371	sourceforge
15372	sanford
15376	testosterone
15378	nunavut
15379	surveying
15384	lennon
15388	precinct
15389	renamed
15390	cobb
15391	lara
15392	unbelievable
15394	piracy
15398	hardest
15399	forrest
15400	invitational
15401	reminders
15402	negro
15403	blanca
15404	equivalents
15405	johann
15406	handcrafted
15413	simplest
15416	toon
15417	europeans
15420	redmond
15422	digitally
15423	lars
15431	clint
15433	righteous
15435	redistribution
15436	freaks
15437	subclass
15438	rutgers
15440	sampled
15444	roanoke
15446	blitz
15447	tended
15450	viva
15455	howe
15457	osaka
15458	splendid
15459	janice
15460	personalize
15462	leonardo
15463	sucked
15465	broncos
15466	jorge
15467	cooks
15469	granada
15470	laurence
15472	rainy
15475	evelyn
15479	diggs
15480	rafting
15481	pluto
15484	vail
15489	limerick
15491	contaminants
15494	mitch
15495	sweeping
15496	healthier
15497	ussr
15498	mailer
15500	jameson
15503	asheville
15505	sentiment
15507	galloway
15508	quinta
15509	kristin
15512	viola
15514	voodoo
15516	provence
15517	caching
15518	computerized
15521	dillon
15522	shah
15523	eleanor
15525	volts
15529	excalibur
15530	bots
15531	weighs
15532	sinatra
15533	magnolia
15539	interpersonal
15540	dexter
15544	meds
15545	palette
15547	wreck
15550	sammy
15553	wakefield
15554	adversely
15556	pitcairn
15557	centro
15559	arabs
15560	bild
15561	onboard
15563	eine
15564	nucleic
15565	telecoms
15567	crochet
15568	brock
15571	hehe
15572	macon
15573	celeron
15574	lynne
15575	invariant
15576	stamped
15578	increment
15579	redistributed
15582	newsweek
15583	geared
15584	ideals
15585	chloe
15590	prada
15593	maxtor
15594	plone
15600	crosby
15601	biochem
15606	compactflash
15609	horns
15610	vanderbilt
15613	overweight
15614	fantasies
15615	metasearch
15616	taliban
15617	maureen
15618	trekking
15619	coordinators
15620	beginnings
15621	reversal
15622	digi
15625	presses
15626	ordination
15627	westin
15628	oxfordshire
15629	yves
15630	tandem
15632	mips
15636	roundtable
15646	levine
15648	ripencc
15649	shoppy
15650	filesystem
15655	atreyu
15656	kylie
15660	packers
15662	naomi
15665	risky
15669	docume
15671	clair
15674	realism
15676	crete
15679	archiving
15683	sherry
15686	indies
15688	madame
15691	bert
15692	immunization
15693	dalton
15696	ciara
15697	maze
15698	cumming
15700	remuneration
15701	bohemian
15702	interviewing
15705	damon
15706	tivoli
15707	cmos
15710	rode
15711	amen
15713	ronnie
15718	playlists
15719	thematic
15720	brentwood
15721	catholics
15725	katz
15727	jojo
15729	talkback
15730	servings
15732	kobe
15733	inception
15734	draper
15735	baylor
15737	bowman
15741	zeta
15742	benny
15743	spires
15744	barney
15745	dinnerware
15747	homosexuality
15754	odbc
15755	ipods
15759	annum
15760	openbsd
15764	magellan
15765	champs
15766	federated
15767	averaging
15768	salads
15770	shui
15773	rockford
15774	eighty
15775	staging
15779	roche
15781	torino
15786	canine
15787	gladly
15791	mehr
15793	vaughan
15794	kern
15795	julius
15797	cannes
15798	morse
15803	cords
15805	revisited
15806	cass
15808	topped
15813	fore
15815	brokeback
15818	alps
15824	econ
15825	footjob
15826	warez
15829	magenta
15830	tagging
15831	ditch
15834	rowe
15841	impedance
15843	manpower
15844	underoath
15849	slept
15850	gregg
15851	refundable
15856	huang
15857	sportsbook
15858	layered
15859	hopper
15862	subs
15865	ludwig
15866	watchdog
15867	scandinavian
15868	starbucks
15869	ibook
15874	filler
15876	zenith
15877	genomics
15880	browns
15881	researched
15882	waits
15884	copiers
15886	softly
15887	plenary
15888	scrub
15890	wilkinson
15892	intestinal
15895	wlan
15898	sweepstakes
15902	midtown
15903	bethlehem
15909	audrey
15910	merlin
15911	kinetics
15912	cocos
15915	stuttgart
15918	impacted
15922	rumsfeld
15925	prescott
15926	protestant
15927	metre
15928	tricky
15930	thurs
15931	spaced
15932	koch
15933	freq
15934	topaz
15936	segmentation
15937	imaginary
15938	albion
15939	soaps
15941	sutherland
15945	lebanese
15946	psycho
15947	maharashtra
15948	ricoh
15949	wrought
15952	theresa
15953	heidelberg
15954	multitude
15956	ezra
15957	housekeeping
15960	visitation
15962	gibbs
15964	chavez
15965	dusty
15966	patty
15967	serena
15968	asst
15970	overload
15975	kanye
15976	bootstrap
15978	episcopal
15983	travelocity
15986	goth
15990	twink
15991	bowen
15994	nortel
15997	affiliations
15998	cozy
15999	pussycat
16000	appropriated
16001	escherichia
16002	mallorca
16003	mackenzie
16008	unclassified
16011	hayward
16015	htdocs
16016	beech
16018	amer
16022	consequential
16023	initialization
16025	expat
16026	osborne
16027	raider
16028	farmington
16033	agnes
16035	rocker
16038	enrolment
16039	glibc
16040	sawyer
16041	maori
16042	lawmakers
16045	filipino
16046	cooled
16047	prudential
16048	basel
16051	larson
16052	photosmart
16054	arte
16060	watkins
16061	oxley
16063	dealership
16065	eyewear
16067	onyx
16070	freedoms
16071	bakersfield
16075	foley
16077	stirling
16078	moran
16079	decal
16080	compose
16082	comfortably
16086	temps
16087	fiona
16088	clearer
16092	fritz
16093	mover
16095	modeled
16096	erica
16097	malaga
16099	federally
16101	macos
16103	diocese
16104	francois
16108	thistle
16109	pornstars
16112	nope
16115	rupert
16119	striving
16121	attendant
16122	gull
16123	jour
16126	northumberland
16127	machining
16128	malibu
16130	betsy
16131	gatwick
16132	shaun
16134	meredith
16135	fauna
16137	hayden
16140	smells
16143	waking
16149	drosophila
16150	branson
16152	sion
16153	ortho
16155	appraisals
16156	travelled
16159	lakewood
16160	gould
16161	brit
16162	drupal
16163	prac
16164	eliza
16165	carers
16166	kramer
16167	graduating
16169	harmonic
16170	usaid
16177	richland
16178	tails
16180	microbial
16182	bibles
16186	joanna
16187	quark
16188	zyban
16190	electronica
16192	mitochondrial
16193	horton
16194	dolce
16195	hercules
16196	pane
16197	browning
16202	angie
16204	octet
16206	incorrectly
16212	mccoy
16214	vibe
16215	immortal
16220	creole
16221	mateo
16222	meth
16224	teas
16226	inpatient
16229	mohammed
16230	saturdays
16232	fread
16237	willy
16238	anon
16242	exceptionally
16244	cartier
16245	ageing
16247	subscribing
16249	cheques
16251	keynes
16252	protections
16253	edith
16256	screwed
16257	handsfree
16258	tomcat
16259	magna
16260	walmart
16261	sectional
16262	interestingly
16264	polly
16266	jules
16269	ernie
16271	poole
16273	elem
16278	traverse
16280	organisers
16281	dolly
16282	pissed
16284	nite
16286	barb
16287	mckenzie
16288	lenox
16289	huns
16291	fashions
16292	darussalam
16293	genital
16294	mcse
16295	barr
16298	constituent
16300	cecil
16302	cajun
16306	astm
16310	scarborough
16311	kristen
16312	regis
16314	winters
16315	nous
16317	mound
16322	chromatography
16325	gallagher
16327	mueller
16331	ethan
16333	ladyboys
16334	orgasms
16335	plantronics
16337	kissed
16343	ibiza
16344	reese
16345	chefs
16346	engraving
16347	digimon
16350	hamlet
16351	inspiron
16352	pagerank
16355	contrib
16356	clad
16359	matlab
16360	inverness
16362	grange
16363	netware
16365	megapixels
16367	retriever
16369	svalbard
16371	harrington
16373	swings
16374	pixar
16375	scion
16376	elle
16378	dhtml
16379	vortex
16381	winme
16383	bodily
16384	func
16385	xiii
16387	gamespy
16388	beaumont
16389	standalone
16390	australasia
16391	mandy
16394	equine
16395	bros
16397	proto
16398	jared
16399	requisite
16400	retrospective
16403	hawthorne
16404	tehran
16407	wears
16409	shropshire
16410	baja
16411	filemaker
16416	libtool
16417	wrongful
16421	signage
16424	encode
16425	admins
16428	alvin
16429	accolades
16430	raton
16432	reproductions
16433	stefani
16435	byrd
16437	prob
16440	servlet
16441	alberto
16445	depeche
16446	benchmarking
16448	refinement
16449	durban
16450	learnt
16454	teleflora
16459	mccain
16460	spiderman
16461	bridging
16466	datum
16469	chickens
16471	langley
16472	briggs
16473	cheyenne
16474	empowering
16476	ymca
16478	facilitator
16480	macworld
16482	maize
16483	galveston
16486	rockville
16487	banff
16488	discretionary
16493	serv
16498	timestamp
16499	musica
16502	stevie
16504	nicholson
16505	rivera
16510	bloc
16512	pinkworld
16513	cambridgeshire
16514	premiership
16515	luton
16516	recurrent
16517	talbot
16518	conftest
16522	swell
16524	ville
16525	registerregister
16526	fluorescence
16528	mantle
16529	additives
16530	chico
16534	fairbanks
16535	parfum
16536	marketed
16540	greenfield
16541	santos
16543	mandrake
16544	cutters
16545	camper
16550	plaques
16552	mammoth
16555	lasik
16558	sophia
16559	merchandising
16561	ombudsman
16563	registrant
16564	reorganization
16567	placements
16570	measurable
16571	elec
16576	levin
16578	amiga
16579	phosphorus
16581	descriptor
16584	gypsy
16587	pimp
16588	repeal
16589	gimp
16592	eileen
16595	cyclic
16598	morphology
16599	versace
16600	printprinter
16603	giorgio
16606	westerns
16608	dodgers
16609	litre
16610	poured
16611	usefulness
16612	unsolicited
16616	burt
16617	titus
16618	textual
16622	gandhi
16623	spindle
16624	heavens
16625	inks
16628	seahawks
16629	mister
16630	rounding
16633	scholastic
16634	wight
16635	mondays
16644	ativan
16645	fife
16648	goats
16651	stub
16654	exposition
16655	savesave
16656	rains
16657	buckley
16658	middleton
16659	laminated
16660	organise
16661	citrix
16666	turismo
16668	abdul
16669	sheldon
16670	ryder
16671	animalsex
16674	grep
16675	xeon
16676	polymerase
16677	optimisation
16678	octave
16680	easyshare
16681	cvsroot
16684	harding
16688	joplin
16689	dialup
16692	rutherford
16693	afro
16700	garth
16701	nolan
16703	mach
16706	miquelon
16707	paolo
16709	bridget
16710	wonderland
16712	jessie
16713	organising
16714	zine
16715	conn
16716	truman
16717	argus
16721	jubilee
16724	sith
16727	paving
16729	perennial
16730	carla
16731	jacqueline
16732	seventeen
16733	messageslog
16734	meats
16735	clearinghouse
16738	bulldog
16739	cleavage
16740	analysed
16743	brethren
16746	specialised
16747	ramones
16748	everquest
16751	bernstein
16752	skis
16753	calc
16754	marketers
16755	toilette
16756	trailing
16760	honourable
16761	lulu
16763	brennan
16766	saturation
16767	stamford
16768	alamo
16770	mastery
16775	vita
16776	comcast
16777	hyderabad
16779	nesting
16780	vogue
16781	aired
16782	attn
16786	ipswich
16787	tues
16789	abramoff
16796	benedict
16797	lesbos
16800	zaire
16805	sakai
16807	flowering
16811	arcadia
16812	fishes
16815	taurus
16816	rajasthan
16822	inlog
16824	laminate
16826	aggregator
16827	datatype
16829	postnuke
16831	nora
16832	salts
16833	marietta
16834	ergonomic
16837	iteration
16838	vida
16839	ceilings
16847	ibis
16848	yyyy
16850	soups
16854	richie
16855	markings
16859	trina
16863	coed
16866	cummings
16867	sheikh
16869	hernandez
16873	truste
16878	seasoned
16880	duel
16883	bernardino
16884	stocked
16886	bethel
16887	entre
16890	plano
16892	sunderland
16893	doris
16896	dwight
16897	lortab
16898	leveraging
16900	provost
16904	stokes
16905	lakers
16911	harlem
16914	gong
16917	horticulture
16920	util
16922	fridays
16923	ordinator
16924	bono
16929	veritas
16930	faulty
16932	breathtaking
16934	crowne
16938	pundit
16939	pleasing
16940	seizures
16942	figurine
16947	expiry
16948	exif
16952	goldman
16953	petit
16954	burgess
16960	freshly
16961	initialize
16963	saxon
16964	cabo
16966	sybase
16967	isabella
16970	mpls
16971	monies
16972	bodybuilding
16978	pointe
16979	stall
16981	deere
16983	saratoga
16984	entirety
16986	marcel
16987	terminator
16989	hulk
16991	cyan
16993	cory
16995	flores
16996	olivier
16997	portage
16998	stacey
16999	serif
17000	dwellings
17002	yellowstone
17003	portability
17005	ricardo
17006	yourselves
17009	rotterdam
17010	lubricants
17013	alameda
17016	clemson
17019	anglican
17022	camino
17023	storey
17024	scotch
17026	goin
17027	philly
17029	coolers
17031	freddie
17033	costello
17035	juliet
17037	guernsey
17038	galore
17039	aloha
17040	dehydrogenase
17041	bangor
17042	persia
17046	postfix
17049	altavista
17051	haze
17053	exponential
17060	secretarial
17062	rents
17063	christy
17064	theirs
17065	mattresses
17066	todays
17067	donovan
17071	colts
17074	strauss
17078	tuck
17080	slab
17082	kart
17087	putin
17089	ling
17091	emblem
17092	profileprofile
17095	serials
17096	walters
17098	equivalence
17100	vaughn
17101	aviv
17106	appleton
17107	bottoms
17110	chesterfield
17113	tubs
17116	liposuction
17117	medina
17120	thankful
17122	alaskan
17123	friedrich
17132	flynn
17133	washable
17134	normalized
17136	scopes
17137	fundraiser
17140	calhoun
17145	redirected
17147	middletown
17148	filth
17151	worrying
17153	timberland
17154	mags
17156	kraft
17157	videogames
17159	vallarta
17161	chopper
17166	surcharge
17168	comstock
17169	hers
17172	latvian
17179	trillion
17183	heavier
17184	nguyen
17186	spit
17187	labelled
17189	salomon
17191	globes
17193	sarbanes
17198	maximal
17199	daly
17200	prenatal
17201	documenting
17202	scooby
17203	choral
17204	unrestricted
17205	happenings
17206	moby
17207	leicestershire
17212	leds
17213	mcbride
17216	arden
17217	clicked
17219	scorecard
17221	beirut
17223	byrne
17224	conditioners
17225	acme
17227	culturally
17228	ilug
17232	janitorial
17233	reclamation
17234	rove
17238	lionel
17244	nigerian
17249	malone
17253	lydia
17255	makeover
17256	breeder
17259	dragonball
17260	chow
17264	drunken
17266	avis
17269	cheng
17272	lamborghini
17273	polarized
17275	watering
17276	baroque
17279	eliot
17280	jung
17281	jihad
17283	sharepoint
17286	abit
17287	posterior
17289	elgin
17292	abnormalities
17299	dirk
17300	posture
17301	thereon
17304	blogshares
17305	motorsport
17310	thanked
17311	citroen
17313	thrilled
17317	amelia
17318	palmone
17319	jonah
17322	curricula
17328	raped
17330	configurable
17331	andover
17332	denon
17333	sloan
17338	rosenberg
17340	plato
17342	salzburg
17343	iriver
17345	callaway
17348	dorm
17349	squared
17350	needless
17351	pies
17352	lakeside
17353	marquette
17354	palma
17355	barnett
17356	interconnection
17357	gilmore
17359	ther
17360	heterogeneous
17361	taxis
17364	gamefaqs
17368	luckily
17370	rutland
17371	lighted
17377	haitian
17378	dialing
17380	unicef
17382	lorraine
17383	councillors
17384	identifiers
17385	hague
17389	steiner
17390	licensure
17391	roxy
17393	tammy
17394	saws
17395	bovine
17399	ogden
17401	demi
17403	madam
17407	hypertext
17409	soybean
17410	electra
17412	posix
17417	libby
17418	seite
17421	motley
17423	aroma
17426	mais
17427	retractable
17428	cognition
17429	quickbooks
17430	cain
17431	townhouse
17432	verona
17433	stormwater
17437	coco
17438	chatting
17443	causal
17444	rudy
17446	rowan
17453	congrats
17454	msds
17457	arafat
17461	stair
17462	splitter
17467	lakeland
17468	thiscategory
17475	acxiom
17477	ironing
17478	kbytes
17486	textured
17487	finn
17488	doppler
17490	entropy
17491	widening
17492	snooker
17494	underwood
17495	saline
17496	sonny
17497	longevity
17500	isabel
17501	nairobi
17503	importer
17505	orioles
17508	rotor
17509	pauline
17511	theres
17515	materially
17517	amor
17520	phyllis
17523	bengal
17530	lubbock
17535	suvs
17538	gasket
17540	lastly
17543	kona
17548	elena
17551	participatory
17553	ante
17554	micron
17556	pcos
17557	vols
17558	revolving
17561	pantie
17565	leah
17568	spongebob
17569	fractional
17570	markus
17573	wellbutrin
17574	rheumatoid
17575	thence
17578	reverend
17580	swindon
17582	serie
17584	neptune
17586	caucasian
17587	understandable
17588	shea
17594	slovenian
17595	practicable
17597	simone
17598	fronts
17600	russians
17602	potentials
17604	tempe
17605	hklm
17606	cores
17609	canonical
17613	bouvet
17614	multifunction
17615	australians
17616	nifty
17621	skeletal
17622	dems
17623	oahu
17624	yates
17625	leroy
17626	rollover
17627	infos
17631	thanx
17634	tout
17635	shockwave
17643	westlife
17649	tamiflu
17652	beasts
17654	planar
17655	philanthropy
17657	iomega
17659	fetisch
17662	eastman
17664	coppermine
17669	quorum
17670	forwards
17671	ecard
17673	plat
17677	dukes
17682	worcestershire
17683	faqfaq
17684	bonn
17685	muller
17689	extractor
17691	vested
17692	terribly
17695	svenska
17697	myocardial
17698	homme
17699	clancy
17700	everytime
17702	tory
17704	rossi
17705	sander
17706	oldham
17707	gonzales
17712	annette
17717	vicki
17719	danville
17720	philosophers
17723	exits
17725	sedona
17726	oder
17727	skateboarding
17728	lexisnexis
17729	abby
17730	deepthroat
17731	outback
17732	teller
17734	siena
17735	reiki
17737	peptides
17741	dante
17742	lange
17744	seneca
17745	oceanic
17746	tres
17748	burbank
17749	festive
17750	rosen
17751	awakenings
17753	alla
17755	sediments
17758	ingram
17759	gaussian
17760	hustler
17761	jess
17763	secretion
17764	linkages
17765	separator
17770	schultz
17773	concordia
17774	recon
17776	drilled
17777	fileplanet
17778	souvenirs
17779	royals
17781	slack
17782	globalisation
17783	borland
17784	pastel
17786	nottinghamshire
17788	strollers
17789	jays
17790	uninsured
17791	picasso
17794	susceptibility
17796	mcgill
17797	disputed
17799	royale
17801	gorge
17804	discriminatory
17806	headquartered
17808	saul
17810	travelodge
17811	empower
17812	apis
17813	marian
17814	liens
17816	hurley
17817	remington
17820	teak
17821	benefited
17823	bitmap
17825	musik
17828	enum
17830	boyle
17831	lamar
17834	jonas
17836	locke
17839	pager
17841	jolla
17842	aclu
17844	correctness
17845	westchester
17849	shaker
17850	natives
17851	tive
17852	nimh
17853	quilting
17857	rewarded
17858	densities
17860	athena
17861	deepest
17862	matthias
17863	tional
17864	duane
17866	turnaround
17871	stargate
17872	hanna
17873	husbands
17874	saskatoon
17877	colchester
17878	minh
17881	rockwell
17884	pepsi
17887	oversized
17891	determinations
17892	burberry
17893	weighed
17898	gatherings
17904	cheltenham
17906	unabridged
17907	dickens
17912	labelling
17913	siberian
17914	synchronous
17916	preparatory
17918	outfitters
17919	fielding
17922	adler
17924	homelessness
17925	yosemite
17927	opengl
17928	efficiencies
17929	blowout
17930	youths
17931	tickboxes
17933	massey
17939	missy
17940	isnt
17941	waveform
17943	meade
17945	flair
17947	applegate
17948	wonderfully
17949	whitewater
17951	bernie
17953	workgroup
17956	insanity
17957	clement
17960	finely
17964	robotic
17965	mana
17969	mississauga
17972	staten
17973	carole
17974	noticeable
17975	cette
17977	schwarzenegger
17983	dunno
17988	unforgettable
17989	punt
17990	sludge
17991	crypto
17992	christensen
17997	paved
17998	heavyweight
18001	zach
18004	phantomnode
18007	comptroller
18009	creatine
18010	mormon
18011	embl
18013	scots
18016	neighbouring
18017	plugged
18018	tyson
18019	souvenir
18021	mifflin
18023	mojo
18024	econo
18027	shapiro
18030	anders
18033	spawn
18035	blanks
18039	watercolor
18040	uncensored
18042	stony
18043	fayette
18045	tori
18046	shelving
18047	effluent
18048	infousa
18049	annals
18050	storytelling
18051	sadness
18052	periodical
18055	dime
18057	bombings
18058	punta
18059	flavour
18060	smes
18061	ionamin
18062	fuckin
18064	charlottesville
18067	onwards
18069	carp
18070	aniston
18074	skinner
18075	equities
18077	nouveau
18079	vertically
18083	feeders
18085	jboss
18088	mobil
18091	utensils
18093	tying
18096	kaufman
18098	indulgence
18099	aloe
18100	johan
18101	buckinghamshire
18103	lund
18104	medford
18107	extremes
18108	puff
18109	underlined
18110	whores
18111	galileo
18112	bloomfield
18114	flavored
18115	gemstones
18120	exim
18121	singled
18122	alton
18123	appalachian
18125	dealings
18126	phillies
18128	ramblings
18129	janis
18133	centric
18136	optionally
18140	bananas
18141	geophysical
18142	fictional
18144	golfing
18146	rubin
18149	elisabeth
18150	claw
18151	pushes
18152	alain
18153	flagship
18155	topeka
18156	openoffice
18158	bugzilla
18160	tyre
18161	furry
18163	transcribed
18166	linus
18168	mcsg
18169	humboldt
18173	rinse
18176	charlton
18177	repertoire
18179	emeritus
18180	ulster
18186	gundam
18187	adaptec
18189	patagonia
18191	tailed
18193	voyer
18195	hostname
18196	excl
18201	explode
18202	toulouse
18205	merchantability
18207	autodesk
18208	mummy
18210	punjab
18211	stacked
18212	winged
18214	cries
18215	speciality
18219	catcher
18221	sanity
18222	ether
18224	haynes
18226	siyabona
18227	rumble
18228	inverter
18232	heroic
18235	mackay
18237	bridgeport
18239	fullerton
18242	blockbuster
18244	amarillo
18245	pixmania
18246	pathfinder
18248	homogeneous
18251	humphrey
18254	tomtom
18257	croydon
18259	croix
18263	jdbc
18266	boing
18267	odessa
18270	pointless
18271	whipped
18273	alibris
18275	rosie
18276	factoring
18277	genealogical
18278	gyms
18279	inhalation
18280	terre
18284	nach
18286	bitpipe
18287	jamestown
18289	techs
18290	electives
18291	walkman
18292	midget
18293	elisa
18294	shelton
18295	quan
18297	commissioning
18298	neville
18299	experimentation
18300	saltwater
18301	natasha
18303	endeavour
18304	roswell
18305	haute
18306	herring
18308	unfamiliar
18310	expectancy
18312	sgml
18318	idiots
18319	mona
18320	reits
18322	nuevo
18325	hitchcock
18327	travestis
18328	neighbour
18332	paging
18334	nudists
18338	asean
18339	airsoft
18340	bontril
18341	enumeration
18342	proliant
18343	keeling
18346	suche
18347	permissible
18351	siam
18352	latent
18353	marcia
18355	bullshit
18356	casper
18357	spun
18358	shalt
18359	libstdc
18361	loch
18365	hector
18366	xpress
18367	datasets
18368	webdesign
18369	nicotine
18370	comeback
18372	gannett
18373	milling
18375	sulphur
18376	curricular
18380	lolitas
18382	thessalonians
18383	figs
18384	upto
18385	browne
18388	joaquin
18389	chit
18391	alexandre
18392	lays
18393	principally
18395	mundo
18397	jarvis
18398	drip
18402	spotting
18403	myriad
18406	rubbing
18408	wien
18413	everest
18416	outkast
18418	pitbull
18422	fairview
18425	alienware
18427	mainframe
18428	echoes
18429	indo
18434	guinness
18438	linden
18439	timezone
18440	merck
18441	sven
18442	tanya
18443	geographically
18446	tristan
18448	folio
18451	mans
18452	colleen
18453	bbbonline
18456	syndicated
18464	zirconia
18465	barre
18468	rama
18469	johannes
18471	convex
18475	igor
18476	hama
18479	soleil
18480	patton
18482	surfer
18485	waco
18486	physiol
18487	connor
18489	northamptonshire
18491	disclaims
18492	sich
18493	outbound
18497	paired
18499	stderr
18501	fomit
18503	injections
18504	ahmad
18505	remortgage
18508	tossed
18509	caucus
18510	workaround
18511	cooke
18512	polytechnic
18514	katy
18516	uber
18518	salute
18519	shoppe
18521	berlios
18525	synthase
18530	emule
18531	maltese
18532	sauvignon
18535	pint
18536	ascension
18537	bayer
18538	carrera
18540	mornings
18542	cation
18544	scientology
18545	cdma
18546	flagstaff
18547	maxi
18548	pretoria
18552	feminism
18555	basal
18556	topps
18557	webinar
18558	dewalt
18559	turnout
18560	bruins
18562	wilde
18567	liar
18570	monoclonal
18571	pictorial
18572	curling
18573	ares
18575	smoky
18576	opus
18577	typekey
18581	emporium
18584	partnering
18585	promoters
18587	freshmen
18588	mage
18590	sqrt
18591	aristotle
18592	israelis
18593	finch
18596	krishna
18599	monophonic
18600	largo
18601	proquest
18604	dominic
18605	sergio
18608	hereinafter
18613	hebrews
18614	particulate
18615	tally
18616	unpleasant
18619	bedfordshire
18622	staining
18623	rockport
18624	nist
18625	shaded
18628	novo
18630	subcategories
18631	hearted
18632	quarterback
18636	sudbury
18637	otis
18638	overture
18640	hectares
18642	scrabble
18643	noteworthy
18648	docbook
18650	ionic
18653	slowing
18654	firstgov
18656	hoodia
18657	payout
18660	supplemented
18661	poppy
18662	monmouth
18663	metacritic
18664	obligated
18672	teal
18674	epstein
18675	doncaster
18676	particulars
18677	jerking
18678	weblogic
18681	covington
18684	interconnect
18685	predicate
18686	recurrence
18687	chinatown
18688	mindless
18689	purifier
18693	tablespoons
18695	rodgers
18696	gloryhole
18698	termed
18699	frauen
18700	suppl
18701	stamping
18702	coolest
18703	reilly
18704	hotjobs
18705	downing
18707	libc
18708	basque
18709	societal
18710	astros
18713	pegasus
18715	wyndham
18717	tuesdays
18718	dorado
18721	maestro
18722	turin
18725	superpages
18726	forte
18727	coaxial
18728	tipping
18732	crunch
18733	leipzig
18734	liam
18735	sesso
18736	bard
18737	kellogg
18738	arabidopsis
18739	reap
18740	argv
18741	hanoi
18743	faucets
18746	payouts
18747	rockin
18753	icelandic
18755	enchanted
18756	belgrade
18757	styled
18758	nacional
18761	telstra
18762	thor
18765	bethany
18766	polaroid
18767	vance
18769	polishing
18770	marquis
18776	timeshares
18779	logger
18783	kool
18785	birding
18788	hast
18789	indi
18791	barrie
18793	closeouts
18794	miriam
18795	cavaliers
18797	carleton
18798	pumped
18799	tolkien
18801	sonia
18802	undp
18805	almighty
18808	increments
18809	kurdish
18816	bryce
18819	mccormick
18821	drank
18824	shreveport
18825	grower
18826	frederic
18827	darlington
18828	slippery
18830	galerie
18834	burnett
18835	hilfiger
18837	litres
18838	moroccan
18839	seville
18840	mira
18841	nightwish
18843	hess
18844	wheaton
18845	santo
18847	raging
18850	jong
18851	subgroup
18853	chevelle
18854	vets
18857	assays
18858	torso
18859	occult
18860	expeditions
18862	hooker
18863	ramon
18864	longhorn
18865	lorenzo
18866	beau
18872	vgroup
18875	fulfil
18876	calcutta
18877	thursdays
18878	dansk
18879	tenerife
18880	hobbs
18881	mayen
18883	oldmedline
18884	dunlop
18887	modernization
18893	fourier
18895	watersports
18896	lucent
18897	wilkes
18903	tyrosine
18904	sicily
18906	shenzhen
18912	erickson
18913	marlin
18916	stuffing
18918	canoeing
18920	jeux
18921	wilton
18922	ophthalmology
18924	geile
18925	clubhouse
18926	reverted
18928	greyhound
18929	corsair
18931	licensees
18933	unsupported
18937	ultima
18940	fernandez
18941	venetian
18943	sleazydream
18944	patti
18948	faire
18951	sennheiser
18952	resumed
18953	sheehan
18954	conversely
18955	emory
18957	maven
18960	staged
18961	vitae
18962	transgender
18963	hustle
18965	customizing
18966	subroutine
18967	upwards
18969	pong
18971	loosely
18974	hertz
18976	capped
18979	bridgewater
18981	liking
18985	intangible
18986	westfield
18989	fuckers
18992	tata
18994	frau
18997	giclee
18998	groovy
19000	reusable
19001	macy
19004	nathaniel
19006	bern
19009	helpline
19010	micah
19011	erectile
19012	timeliness
19013	obstetrics
19015	agri
19020	colombian
19026	corridors
19027	sont
19028	mcdowell
19029	fossils
19031	dimage
19034	determinants
19036	durango
19038	noncommercial
19039	opteron
19040	crooked
19042	segregation
19043	superannuation
19044	nemo
19048	lenny
19050	haas
19051	wimbledon
19052	documentaries
19059	physiopathology
19060	skye
19061	seperate
19062	econpapers
19063	arxiv
19065	kalamazoo
19067	percy
19069	conan
19073	intellect
19075	denny
19076	harman
19077	hears
19078	wilhelm
19080	pervasive
19081	auch
19082	enfield
19083	anabolic
19085	allegra
19086	lexar
19089	educ
19091	pivot
19093	larsen
19094	huron
19095	snippets
19097	conserv
19098	digestion
19099	dustin
19100	wsop
19103	wolverhampton
19104	soaring
19106	virtues
19112	gauteng
19115	transverse
19117	watertown
19122	uefa
19123	newbury
19126	soar
19127	jacking
19128	radiohead
19129	uniformly
19131	subsections
19132	todos
19133	definately
19135	piedmont
19137	tiki
19138	empowered
19141	lena
19142	outlying
19145	handouts
19146	deducted
19147	ezekiel
19148	totaling
19149	elijah
19151	marvelous
19153	asnblock
19154	compton
19155	stretches
19157	biloxi
19160	creme
19163	waltz
19167	paige
19168	downstairs
19170	indymedia
19171	clapton
19174	beyonce
19177	monde
19178	weymouth
19179	nabble
19180	spherical
19181	intracellular
19182	infoworld
19183	favourable
19185	boyz
19186	dramas
19187	cher
19188	waltham
19189	geisha
19192	dblp
19194	malay
19196	mcmahon
19199	silica
19200	kara
19201	mcgregor
19202	modal
19203	marlboro
19204	grafton
19208	widest
19209	foia
19211	medley
19213	redskins
19214	kirsten
19215	temper
19216	yorker
19220	ashcroft
19222	loren
19224	newsfeed
19225	hereafter
19226	carbs
19229	yakima
19231	realtones
19233	vdata
19234	interpro
19235	tahiti
19236	engadget
19237	tracey
19240	collier
19241	hush
19242	darfur
19243	fragmentation
19244	behavioural
19245	kiev
19250	glossaries
19251	sonyericsson
19252	lama
19255	raphael
19257	lola
19259	emoticons
19262	pembroke
19264	norwood
19267	webmin
19268	lillian
19269	stylesheet
19270	goldstein
19273	wnba
19274	preferable
19275	englewood
19276	juices
19279	morales
19280	solder
19284	hottie
19285	stripper
19286	practise
19290	opted
19291	lodged
19296	pioneering
19298	francaise
19301	catalan
19303	regain
19304	resize
19307	medically
19311	popped
19312	busted
19313	alicante
19316	pounding
19317	picturesque
19319	graders
19320	shrek
19321	eater
19322	universidad
19323	tuners
19327	cymru
19328	fprintf
19329	willard
19332	dads
19333	marlborough
19335	ebusiness
19336	pouring
19337	hays
19338	cyrus
19341	buckingham
19344	goodwin
19345	manure
19347	dade
19349	wesleyan
19350	baht
19352	dreamed
19358	synth
19360	subchapter
19363	optimizations
19364	infocus
19365	bellsouth
19366	sweeney
19367	augustus
19370	fahrenheit
19373	layup
19376	piazza
19379	nazis
19380	cumfiesta
19381	oneself
19387	vaginas
19388	blanco
19389	critiques
19396	bezel
19398	pers
19399	twiztid
19400	dotted
19401	frontal
19403	ubiquitous
19413	applets
19414	francs
19416	pdfs
19417	sling
19418	contraction
19422	explorers
19423	billie
19425	substrates
19426	evansville
19428	knowledgebase
19429	forrester
19431	xoops
19432	rican
19433	underline
19436	dooyoo
19437	spammers
19440	continual
19442	gupta
19443	tummy
19445	slowed
19446	aladdin
19448	quay
19449	aest
19452	wilcox
19453	topographic
19454	westport
19455	overhaul
19456	majordomo
19457	peruvian
19461	weir
19462	wednesdays
19467	watchlist
19468	clarendon
19469	campers
19470	phenotype
19471	countrywide
19472	ferris
19473	julio
19475	directx
19477	epoch
19480	phelps
19484	audubon
19485	fable
19487	commentsblog
19489	exploded
19490	publ
19492	padres
19494	whisky
19497	susie
19498	subparagraph
19500	weighting
19501	reyes
19502	rectal
19503	vivian
19506	pesos
19507	shakes
19508	dram
19509	mckinney
19511	hershey
19514	initials
19518	mara
19519	garages
19521	tanner
19523	urology
19526	rihanna
19528	obese
19531	melvin
19541	velcro
19543	avaya
19545	wigan
19547	abba
19549	orig
19550	paddy
19551	huskies
19552	frey
19554	loyola
19556	pearce
19557	gartner
19561	burr
19563	strapon
19565	formations
19566	vantage
19567	texans
19570	norma
19571	astra
19572	expasy
19573	crosse
19574	overdrive
19575	mondo
19576	ripley
19577	phosphorylation
19580	depletion
19581	neonatal
19583	mclaren
19584	wyatt
19585	rowling
19593	golfers
19594	lira
19595	navajo
19598	recess
19600	technics
19602	damien
19603	clippers
19604	shilling
19606	spirited
19608	carbonate
19609	mimi
19610	staa
19615	openid
19616	sassy
19617	demux
19618	ratification
19619	ribosomal
19621	vases
19623	transnational
19625	sind
19630	teamed
19631	preset
19632	inequalities
19633	iptables
19634	pocketpc
19635	garde
19638	pancreatic
19639	tran
19640	manicures
19644	prweb
19645	holloway
19648	cdrw
19650	fins
19652	nadu
19653	ritchie
19654	underwriting
19656	rulemaking
19658	valentino
19659	ornamental
19662	prolyte
19663	millenium
19664	collectable
19665	stephan
19666	aries
19674	walden
19675	josephine
19678	catchment
19679	targus
19684	acct
19686	shimano
19687	serpent
19688	lingere
19692	parentheses
19693	contextual
19694	qwest
19695	jira
19696	cerevisiae
19699	bremen
19701	dyson
19702	playhouse
19705	camaro
19706	suns
19707	josef
19709	bunk
19710	cryptography
19713	dyer
19714	effected
19715	signalling
19717	murakami
19718	tubular
19719	merriam
19722	scorpio
19723	attr
19725	richter
19727	ultrasonic
19728	evidenced
19729	heinz
19730	argos
19732	larvae
19733	dyke
19734	ashford
19735	intergovernmental
19736	cassidy
19740	dino
19741	xvid
19742	dmoz
19744	ivtools
19745	barron
19746	wilkins
19747	snorkeling
19748	chilean
19750	suny
19751	gifs
19754	hannover
19757	ligand
19759	aust
19760	peoplesoft
19761	freelists
19764	comedies
19770	deformation
19773	pfizer
19776	renovations
19778	externally
19780	genbank
19782	employability
19783	wheeled
19786	darn
19788	greeks
19789	retardation
19791	freeport
19792	lyme
19793	corning
19794	prov
19795	reich
19796	dishnetwork
19800	solitary
19801	claremont
19803	photographed
19804	tweed
19805	snowy
19807	emmanuel
19808	acapulco
19811	cosmopolitan
19815	childs
19816	pigment
19818	tous
19819	bizkit
19820	argentine
19821	blogosphere
19823	scandinavia
19824	minnie
19825	resp
19827	carlsbad
19828	ammo
19830	chars
19831	linn
19832	mcguire
19833	utilisation
19834	rulings
19836	handel
19837	geophysics
19841	slater
19843	foreach
19844	oakwood
19848	mcgee
19849	kissimmee
19851	disturbances
19853	linker
19854	embryonic
19855	tetris
19856	carver
19857	paterson
19859	delle
19863	hsbc
19867	astoria
19870	epsilon
19874	knowles
19877	stalls
19879	bien
19880	hansard
19881	inward
19882	reflector
19885	hartley
19888	authorisation
19893	francesco
19895	georg
19898	starch
19899	melinda
19902	glazing
19907	provisioning
19910	regimen
19911	axel
19912	expandable
19913	antony
19914	hahn
19915	maserati
19917	marianne
19919	hereford
19920	bender
19921	reliably
19922	aides
19923	forma
19925	sendo
19928	hasbro
19929	gaelic
19930	gomez
19931	alec
19932	corba
19933	polski
19935	multidisciplinary
19937	glazed
19938	judd
19940	petersen
19941	libyan
19942	dickson
19945	macquarie
19951	villagers
19952	transferable
19953	yummy
19955	ethiopian
19956	momma
19957	lehigh
19960	concordance
19961	greenberg
19962	trish
19963	sexes
19965	sire
19966	centred
19968	islanders
19969	ding
19973	husky
19977	svcd
19978	cron
19979	darth
19981	cramer
19983	originator
19984	ching
19985	whipping
19987	melanoma
19988	thug
19989	routed
19990	rudolph
19991	abigail
19993	yugoslav
19994	householder
19996	cpan
19997	plotting
20000	bizjournalshire
